tradedate,newstitle,newslink,source,closeprice,sentimentscore,sentimentmagnitude,sentimentlabel,impact,category,mat_reason
2025-10-10,NPBエンタープライズ、KONAMI、ソニーによる日本野球機構（NPB）公認のプロ野球速報アプリ『NPB+（プラス）』共同事業について | 株式会社コナミデジタルエンタテインメント - KONAMI GROUP CORPORATION,https://news.google.com/rss/articles/CBMickFVX3lxTE9GWXc3aUh6bE5BbTNMYWV3SEFUQnlZMzltV3o4ZVYtU3NPRFV3Z3ZvUl95akRWODFXR19qekxqTUtJYXFrN0VBbTVzVkFUaWpnTnBLNGJmQUMyUy13YTNQRDQyQWcxV3pyd1ZFZ2RTeFJHQQ?oc=5,,4461.0,0.0,0.5,neutral,,unknown,
2025-10-10,【重要】一部ソニー製品のサポート終了について - U-NEXTヘルプセンター,https://news.google.com/rss/articles/CBMiXEFVX3lxTE9SeF9PUGV3VF9ZekFEcnF1RFZiUjBXYW1sSDViUmN6dmU1NFZEVjRFV0R0MkhlNExhVmxjR2l3SGNyb3NSRWNva0hlOVFUc2hhSlN6bmswRmttOVJy?oc=5,,4461.0,0.0,0.5,neutral,,unknown,
2025-10-10,ソニーグループ(東証:6758)の自社株買いとリーダーシップは新たな長期戦略を示すか？ - simplywall.st,https://news.google.com/rss/articles/CBMiowFBVV95cUxOS3J3Z09ITy1SM1ZsWHNCUnE2ekZTY3RmbHJoVUxVb0o0c2l3V1BuWTRsQ19mVG9CTldLOWM4OXJQUncyZUFjS1pjcmZtbW41QjVSU095Sk1Ec1gzRmZoZlpfZThPN2h6RW1UX2NZbERhdEppV2NiZXJzc0xwd0ZTNWQyYmRvUk04Z2Yxa0tRbUcxbG1BTFFhVEpNREpjN25JaFhV0gGoAUFVX3lxTE9vajJVZXJ4dXB3REZQYjZKMVZlWUpJandEMFRQRkFoSWxOOWJFNWtlN2piWVF2NFpxb0xvUEVhdmRkUFJEWmRKVzh3MnFhcVZZY0UyWDZPZVd1bzlGTWtxREdrRTR0TmpINnAwSi1yalV1Z1QyWHlqSDItaFZlWkJqRUxtbUhNeHRjRXVoelIyTXNsdG1kRlZsZE0tOFJCUjJEdVRiT3Y2cA?oc=5,,4461.0,0.78125,0.4,positive,0.4,other,"The text discusses a potential share buyback and leadership changes at Sony, which are corporate actions that could influence investor sentiment and stock price. However, the impact is moderate as it's framed as a question rather than confirmed news."
2025-10-14,ソニー、楽天、Google…なぜ「学歴不問」企業にも関わらず高学歴学生ばかりが採用されるのか 大手人材企業勤務男性「Fラン大卒は…」 - みんかぶ（マガジン）,https://news.google.com/rss/articles/CBMiU0FVX3lxTE5XZWZMazBCWm1ma1hDZFIyUnlDbWJvcTYxUUVVZmdQWjNMWlp6NnN4dGwycU9fd3NLeEFpVnk1cW1ucktMQnBtSXhkcjNTWnJobElz?oc=5,,4310.0,-0.46875,0.4,negative,0.2,other,"The article discusses Sony's hiring practices and the tendency to hire high-achieving students despite claims of being 'no academic background required'. This could have a slight impact on stock if investors become concerned about diversity or perceived unfairness in hiring practices, but is unlikely to be material in isolation."
2025-10-15,ソニーグループが｢隠れた防衛関連企業｣といわれる理由､実は同社製のある汎用品がミサイルやドローンなどに欠かせないパーツになっていた - 東洋経済オンライン,https://news.google.com/rss/articles/CBMiUkFVX3lxTFBQYjc4QUd0dm4wbTVXbXFteW1oQUgwUWRwNFV6cmZmYVVkNVQtcXZoME51d2hCdm5zWUxDSUY0Q1NRZDRXWHhIWXNyaTZpRzR4d3c?oc=5,,4342.0,0.3125,0.3,positive,0.3,other,"The article discusses Sony's components being used in defense applications, which could be seen as a positive or negative depending on investor sentiment. The impact is moderate as it's not core to Sony's business but highlights a potential growth area or ethical consideration."
2025-10-15,ソニーG、「らしさ」で働きがい高める 盛田時代から続く成長機会の提供 - 日経ビジネス電子版,https://news.google.com/rss/articles/CBMiZ0FVX3lxTE01aVA3dzNfb19MLThlUGJEQWs0MFhoQ3NBVDBjSDhJOXZmeHJoMVlHdGllT1d2ZzVzODlzaFZ3OWpUbEtiZ1JSamJpdndycDhwVmhranZELS1FYWxCVm9JNm9aN0NKNU0?oc=5,,4342.0,1.0,0.6,positive,0.2,other,"The article discusses Sony Group's efforts to improve employee engagement and growth opportunities, referencing its historical approach since the Morita era. While it touches on company culture, its direct impact on stock price is likely limited."
2025-10-15,インハウスデザイナーの夢とロマンを紹介する「Industrial Romanticism」展にソニーのデザイン部門が出展 - PR TIMES,https://news.google.com/rss/articles/CBMiakFVX3lxTE9waHZMWlRhZ3Q5d0JobVhndkFha2RWc0dBQ29aLWhKMnFvY0RCQXJ3T294M1JGc0FBLUpzYzFaX1BsbzdoeTF1UFg0RUd1M1R6SFlXc09LSlJUVVNZaThXYklzMUR6WG5WaGc?oc=5,,4342.0,0.0,0.5,neutral,,unknown,
2025-10-16,挑戦の数だけキャリアは作れる。タクシーアプリ「S.RIDE」の生みの親が語る、ソニーという可能性。 - Sony,https://news.google.com/rss/articles/CBMid0FVX3lxTFBiT2twT1REajFSbWJQdnFPX0s5NHl6VGtCS0pwaWUyeHp6TXhQLW5leGVlSmI2RDh3WV9YZ3FMRkRJcFJJVUFYbjNSN09LSXY1SU1VWlgyenNHWVBwaDdJRVo1TkM2bkJ5OURLUDZ4UVAyanNvcTBn?oc=5,,4321.0,0.0,0.5,neutral,,unknown,
2025-10-16,ソニーは異例のコンセプトでCEATECに出展、社内外のスタートアップを支援、イノベーション促進へ【CEATEC 2025】 - INTERNET Watch,https://news.google.com/rss/articles/CBMibEFVX3lxTE9DTmtPV01pQ0FPbGJCOWRnY0R1NE8xazRTc0xIa3dGM3NSbWpsWWNISEtpSHIxRjJXOUFGNEI5UmF3OVo5VEV0ZWNZcWJSRE9kNUFwa0xUWHM4Mm8yZ29qQ0VJTE5NRmRST1d5bw?oc=5,,4321.0,1.0,0.6,positive,0.3,other,"The article discusses Sony's participation in CEATEC and its support for startups, which indicates a focus on innovation. This might have a slightly positive impact on the stock price as it signals potential future growth, but the impact is likely limited as it is more about a general strategy than concrete product releases or financial results."
2025-10-16,サステナビリティ×クリエイティブの未来を探る『SIGNALS Creative Research No.02 2026』をソニーのデザイン部門が出版 - PR TIMES,https://news.google.com/rss/articles/CBMiakFVX3lxTE8wTE94bGFxZXkyTVRhU3ZxWXpQVjVhd1p4YXlBY0FQSjZwbGdjMWN6ZkhqcGlZVG81UTAtZXRWS1ViWjVKUm02U2M2bFV6cWhzTThsYmFCM3RYajhMR0d3a1RkQU9QSVlOYkE?oc=5,,4321.0,0.0,0.5,neutral,,unknown,
2025-10-16,ソニー銀行、米国で銀行関連免許申請 ステーブルコイン発行へ - 日本経済新聞,https://news.google.com/rss/articles/CBMiqAFBVV95cUxOUlpmdXM4WUFGQUNuVHFiZVhOMXlmVzZ2SnJxZjN4d01WTWVzUFRVSmtSeS1nWFpPcVIxQWh1c0xpbFhpMG5pd19NOFBWZDAwODJkLW5FRE5lWFZtcy1waEpBRjk2Z19NUnVZeTBYV3QxN2t0Z2RsTklsOVVQZ3NzdHpZSExtNGdJaHF4WXVONXI5czR0dlQzYTBtaHN1aERLZVp3azQtVXk?oc=5,,4321.0,0.0,0.5,neutral,0.0,unknown,nan
2025-10-17,"""ソニー損保な三姉妹""があなたの自動車保険デビューを応援！日向坂46の小坂菜緒さん・正源司陽子さん・藤嶌果歩さんを起用した新CMを放映開始 | 2025年度 | トピックス - ソニー損保",https://news.google.com/rss/articles/CBMibEFVX3lxTE9wZWtWQ2hSa1JRa29RaTlFOTlidERSMC0wT2FUdVlVVFhDWjFXTHJVN015dVFaZHVsSV9sb2NxVGxIdTMydzR1RGJ1RjNtd0ZCTDQ1bE41aTBZeF9LMHVSWWU4V0FHaWZ2M3h5dg?oc=5,,4300.0,0.0,0.5,neutral,0.0,unknown,nan
2025-10-17,【アナリスト予想】ソニーＧ、26年3月期経常予想。対前週0.4%上昇。(アイフィス株予報) - Yahoo!ファイナンス,https://news.google.com/rss/articles/CBMihwFBVV95cUxPWG5CWWFxV0t6dU9MM1Zwblg0cWtoRTRUWWlTcWgzdG5RX1A3d0ZVcjQ3MFQ5TG1KWFlrLUxuSlYtVHBBNjA0MEQ1Zmk4X25sVmNVOVgxcmV3OUUyNHBLUDlhcVlhN2lERHNOT1EzemQ5eGNVemh3ZU9RUFRUQ3laX0pWRnoxRmc?oc=5,,4300.0,0.0,0.5,neutral,0.0,unknown,nan
2025-10-17,製造業の研究開発費比率が4年ぶり上昇 武田16%、ソニーGは6% - 日本経済新聞,https://news.google.com/rss/articles/CBMiqAFBVV95cUxPeVdGSkNFelBRQk5vSm5YZlNvWGlBaU95WEl4M0trb2dCd1NRcUJHZFVYUHphWnRFWjZkcDloQnhVQm45QThfbU05TWFMUmI5RlpOUXk2SUpLN2hQQ3ZQemRGdmV0Q3h4OU8wUHdzd1BBRG16RjRzdy04bG5uSzNrRm1IdWZkY0VucmFWOGJPMFhzZkZYM0twN1g3MjRQZ09ncXZzSFdSV0Y?oc=5,,4300.0,0.0,0.5,neutral,0.0,unknown,nan
2025-10-17,日本株ADR16日、売り優勢 ソニーGやオリックスが安い - 日本経済新聞,https://news.google.com/rss/articles/CBMiqAFBVV95cUxQU3BkU2k3bF9DMFJtVjNGV3hOYmZMWjl5bmxvRVFBN0xCN0JsRGF4eVRaUXlFX3dtR1Vlb2V2ci1jZTdORU9neE51ZnkxeFUyREdiam9GS3lWdndyVDltN2J4cmljZ1N2cW5iSHBDMU1wTm14QjBDOWRWM1RCeEQ3UFp4bVVnQUxqc3lPb0lfVExuRGFpcHJvbTJPMXBxeUNOaWs0WjZnSnY?oc=5,,4300.0,0.0,0.5,neutral,0.0,unknown,nan
2025-10-17,"【アナリスト評価】ソニーＧ、レーティング中立を据置き、目標株価4,700円に引上げ（日系大手証券）(アイフィス株予報) - Yahoo!ファイナンス",https://news.google.com/rss/articles/CBMihwFBVV95cUxOOE9fUmNyN3NsRnNwLXpQemloTjloSUVrR2ZwaUE4TWJ4bmZOR0lld0Nnb0tIbVdycndWcG5YYUhMR2x2Z3BPTkczLWRtNWdXZ3VCWjN2WkJRTDRyUDZwakR0OVpERzA3dElXWlZUS0lOelVDVTl6SS0tLTlhRWlxRWxnWWRrakU?oc=5,,4300.0,0.0,0.5,neutral,0.0,unknown,nan
2025-10-17,〈新連載〉ソニー｢PS｣を生んだ任天堂の翻意と社長の一言。久夛良木があおり､大賀が吠えた | 新約ソニー - 東洋経済オンライン,https://news.google.com/rss/articles/CBMiUkFVX3lxTFBmLWVlUDh1a2FXUnFXUjc0MDFiY09kSWhMZ1lja1loZGVjZXZqTWdQWlhtRFUxLWJoaGZ6V3ZPSlBLZ2dnQUJFZEpxektwWXY5MXc?oc=5,,4300.0,0.0,0.5,neutral,0.0,unknown,nan
2025-10-17,ソニー新社長決定で…「ソニーグループ」CEOはいったい誰に？ 有力候補3人の名前（デイリー新潮） - Yahoo!ニュース,https://news.google.com/rss/articles/CBMif0FVX3lxTE9FbDk1cWNQSUc4a2N0Mi1neW9adjZ5ZTdmZjBNa0N4LU9OeWhud05Yd3NsV0hlMG9odVIzNnowQmZtRTRvVS1mWV8xQkszZVpad0JQbHUzNnplVG9iZkFGdTlEa0REWFZ0bGNYSjFGb2UwdjktYTM1ejVXMktJaTg?oc=5,,4300.0,0.0,0.5,neutral,0.0,unknown,nan
2025-10-17,ソニーフィナンシャルグループ株の節税効果、売って得するケース、損するケース - トウシル,https://news.google.com/rss/articles/CBMiWkFVX3lxTE5obUpFeE5BR1otcTlSYWxvaVJTOFVNWEhjQlJGcTQ5Q2s1Yy1qYjA4cnRhRXltalhfajJURFZ3MGxDMkRwTjlwbEhmd3ZTOGFQS2hOZkl5X3R1dw?oc=5,,4300.0,0.0,0.5,neutral,0.0,unknown,nan
2025-10-17,ソニー新社長決定で…「ソニーグループ」CEOはいったい誰に？ 有力候補3人の名前 - デイリー新潮,https://news.google.com/rss/articles/CBMiX0FVX3lxTE4zUnRGeHVhQlVjUUg5Y19WTTdrVE1UMEgyT3FGdGhoMnBkVWxTUG1IMl85V3VVMkVHc2F6VHpuSzN6WlBTc0RBeTdWLXpIcTRyUHd1VEZPdHpaaWRhWU84?oc=5,,4300.0,0.0,0.5,neutral,0.0,unknown,nan
2025-10-20,ソニーG－野村が目標株価引き上げ 映画「鬼滅の刃」上振れ効果を試算〔DZH 個別株情報〕(時事通信) - Yahoo!ファイナンス,https://news.google.com/rss/articles/CBMihwFBVV95cUxPcVJJNkJJdmU1bVJ2YnpnX0dhTTN2Tm9mUm5xREEzR0piZjVSdTJFdXRndGJfcTRJNlA5VnVyVHdiTUNrbWc5R0szZWp4RVlaMklzSWl3cU1yY0ZQdmJRdExTbUFuVnhvT3pQd0gtUWs2cHhTQzhtNUM3NjFybGdWSG1Id25yQlU?oc=5,,4420.0,0.0,0.5,neutral,0.0,unknown,nan
2025-10-20,【株式】ソニーグループが3日ぶりに反発 野村証券は目標株価を4500円から4700円に引き上げ - gamebiz【ゲームビズ】,https://news.google.com/rss/articles/CBMiREFVX3lxTE50aXFGV0JfekVIYjZNUUNGSGtDcC01dmIxS2dELTJ5cXlUY0VQdFRuV1BodnZuVFhpMU15RzNHdDlvNC1R?oc=5,,4420.0,0.0,0.5,neutral,0.0,unknown,nan
2025-10-20,ソニー・ホンダモビリティ、米国カリフォルニア州で開催された「Palm Tree Music Festival」にAFEELA 1を展示 - AFEELA,https://news.google.com/rss/articles/CBMiWkFVX3lxTE11akdZaHhyY19UTUp6S01TTFEwdDktbUZzMnM0WldFa1l0NmJnYVhHWUdMSXlheV94OEpLSVRxUnlTM1IydjlBWm1OdGsxOVRJTGtOQlRSbUJhZw?oc=5,,4420.0,0.0,0.5,neutral,0.0,unknown,nan
2025-10-20,ホンダとソニーの革新的な融合──新型アフィーラ・ワン詳報 - GQ Japan,https://news.google.com/rss/articles/CBMiaEFVX3lxTE01X090SmtjQWVKY1gzTklUNExLZlhYYmlkN0N4cHB2UTgzMDlzTFdEVVFwX1ZYR2NvSnNneUx2cTliUXMxTHNIdW9WM0J2RHhjTzFlXzVrYUNHTmkycFZJZ1V5UWh2YWRR?oc=5,,4420.0,0.0,0.5,neutral,0.0,unknown,nan
2025-10-20,【株式】ソニーグループが3日ぶりに反発 野村証券は目標株価を4500円から4700円に引き上げ(gamebiz) - Yahoo!ファイナンス,https://news.google.com/rss/articles/CBMihwFBVV95cUxOWW1pczBOTjFib2tXWWV2VzRudEdEeDI2Q2VuZGQxUmttNS1IeDFEd0ljb0FVMW01d243Mk4yS1RQYTdiMTRvVnZHMmJtS3RXOW9seEdQd2FrV2dQakp2blZNYVBoSGk2eW0wMWtNSk9OUW9uR3V2RlFpUEdNVGR1My1pVk9OeE0?oc=5,,4420.0,0.0,0.5,neutral,0.0,unknown,nan
2025-10-20,【ゲームエンタメ株概況(10/20)】「にじさんじ」ソウル公演を発表のANYCOLORが高値更新 国内証券が目標株価を引き上げのソニーグループは3日ぶりに反発 - gamebiz【ゲームビズ】,https://news.google.com/rss/articles/CBMiREFVX3lxTE5Bc3VVM2hhMnRxY0UxQ2NKS3pGQXIxNDJFQW5yS1J2ZU1reW5hdXh1SXRKREo2d0VxSnkxcjhUMmZ2RGdk?oc=5,,4420.0,0.0,0.5,neutral,0.0,unknown,nan
2025-10-20,ソニーＧ、野村証が目標株価４７００円に増額 速報 - kabushiki.jp,https://news.google.com/rss/articles/CBMiR0FVX3lxTE5mOXNVdkdXZkVCa2NJeHFkVHBsbG5QVTc0LTFiTmt1Z1lFeHVPZE9fUF9GVWJVM0dnNEJBaFFvT2dpcURkcVlj?oc=5,,4420.0,0.0,0.5,neutral,0.0,unknown,nan
2025-10-20,Sony Music Shop限定 『BABYMONSTER - ソニーミュージックオフィシャルサイト,https://news.google.com/rss/articles/CBMiakFVX3lxTFA1UUwtM2ljdGdkSTJsN2dHTGttUjByM3hwTGtRU01oNHZDOXdyZjd5dmhuYlE3bEFxdFl3Vjl3Wk1pMjVaWDNZZEM0c252S0l0Vll5TzBtWl9naTZFUzdscEhDUXJoQk1Xc2c?oc=5,,4420.0,0.0,0.5,neutral,0.0,unknown,nan
2025-10-21,Sony Music Shop限定 『BABYMONSTER - ソニーミュージックオフィシャルサイト,https://news.google.com/rss/articles/CBMiakFVX3lxTE9MOC1xTXdpVURUT3BoMmhNM3B0NTJWQUJLeFd0NmM1dTF2anhQdW9YeWpTcFRtU2RkTERRVjVWRmdybW5HWjhpYUdhM3JYdVgzSm5IVnNzdFhoa01hQmQ2ZWNGQTV1R0hzWVE?oc=5,,,0.0,0.5,neutral,0.0,unknown,nan
2025-10-22,ソニーG発の社団法人、アフリカでアニメ人材育成 日本企業と共同製作 - 日本経済新聞,https://news.google.com/rss/articles/CBMibEFVX3lxTE9aN0NtcWI0ZG1CX01BdFhhX3hMZkRoZy1zV0F3Tk01c0VOZnVNTDBjOGoycEhMcEdiVlQ4N0stckwtS280LThhOE1XcWtuV2NpUGZSUUplWkZUM3NOUEF0clhoYkFaOHVxczRqbg?oc=5,,4400.0,0.0,0.5,neutral,0.0,unknown,nan
2025-10-23,【イベントレポート】ソニーが“クリエイター支援”を強化するワケ。カスタマーマーケティングで描く未来像とは - デジカメ Watch,https://news.google.com/rss/articles/CBMic0FVX3lxTE42ZUxkbk1BTEZsZ1cyRFFVQkZlVTc5aldxSzM3S2JSODRPMFRleDlSQUtJcmF1ZWVDRERDeGZjNGVORk5zUldRTms1T0hvaGlyMFNIVUo2T1JvZzBBbndadXkxdDNjQ3BEdEpVc2JUUjEySEk?oc=5,,4389.0,0.0,0.5,neutral,0.0,unknown,nan
2025-10-24,ソニーセミコン、エッジAI省電力に 半導体回路と強誘電体を融合 - 日経クロステック,https://news.google.com/rss/articles/CBMiZ0FVX3lxTE9QYmZXZmYyRUE4dDIwTnhqWVk2M1FqTDRRd1J4VWY1VDRCWjhMYUtRRkVzQmFrMnJnOWtLMGJxdVBTR09ENVZ5SzBkSGFlU1hrUzBPNkY2LWtVNE1XVWVRaTNkOVFqUWc?oc=5,,4377.0,0.0,0.5,neutral,0.0,unknown,nan
2025-10-24,企業のデザイナーの力を生かし、社会課題の解決に挑戦する企業横断プロジェクト「IN-HOUSE→SOCIAL DESIGN UNIT」にソニーが参画 - PR TIMES,https://news.google.com/rss/articles/CBMiakFVX3lxTE9YOW12UUJwNGdYZllPVFJDa1Boa0JZbkpwQjhMUVdtQ2VPazI4bXRfVXNIMVo5QXZTMFphenAyXzJKQXctdm5kNGxWUnBrU3pHWnl6RzJmaU5EN3Q5Z3pLVnVMVkdXbTRDQWc?oc=5,,4377.0,0.0,0.5,neutral,0.0,unknown,nan
2025-10-24,ソニー部品販売再開したけど、、、がんばって確保した在庫限りよ！ - コール徳島店,https://news.google.com/rss/articles/CBMiYkFVX3lxTE92dUc4V1l1UUZISERldTZHRlNGMWViVlpLZFRmVkY4d1JqMjcyeUJ2R1RvVDlwTFVLU0xoamNzTThKMmxyOTFKdjA3UVp6ejF1cVZ3a2plSXYwa3MtSzFsZVBn?oc=5,,4377.0,0.0,0.5,neutral,0.0,unknown,nan
2025-10-24,ソニーG・十時CEO「コンテンツ価値を最大化」 米メディア会議開催 - 日本経済新聞,https://news.google.com/rss/articles/CBMimgFBVV95cUxPUktRbW5iVHY5SDVtRVpzSzBlcFpZc0VqU1N5SkI1clF0a1UxUzh6b3JPa1c0M0dXa3R5SVFCWElzMG9EZTAwWnZTRXVmeVhZcjd5ZXZYZXJhbm1IMEJqQUhsUGlOd0Q4QzhUSXhSTzB4R290Nm1RbHNpSXY2aTNSNnJXbXVQaW4tVEdhazdieVNqSzg3Z2dDMjVB?oc=5,,4377.0,0.0,0.5,neutral,0.0,unknown,nan
2025-10-27,ソニーグループ十時裕樹社長CEO、ワーナー買収「するつもりない」 アニメに集中 - 日本経済新聞,https://news.google.com/rss/articles/CBMibEFVX3lxTFBqbFpCV3BFRlhSVkpSdmJyV2NzLVJmaGQzSXU1QjRUVDBPRjZwcjd4NjRDbS1RRGgwSzBYdTJLTF91WEd4am1uS2xqZUxvZk4wRWM0QUlEbnZlRENhaFFzUmNXaTlQd2RjbmNsYQ?oc=5,,4402.0,0.3125,0.3,positive,0.3,other,"The text directly quotes Sony's CEO regarding a potential acquisition. While a denial is not a huge market mover, it clarifies Sony's strategic direction and could influence investor sentiment, albeit modestly. It's not directly related to earnings, guidance, or a specific product, placing it in 'other'."
2025-10-27,ソニーグループ、「MR Cruise」の本格サービスとして「タイムトリップタクシー」を開始 - 日本経済新聞,https://news.google.com/rss/articles/CBMiowFBVV95cUxQMmpIU3FFOEpjajhVWW1WR1pOMnRIWV92V2hkWlNaSnlBLW9DWVZJNVlFRDI0X0pPVFNJTU5ab19TWmpQVkhKUW8yRUEyMF9QZjhUd3V0TVl0ZmJQNWtYQVp1TFA0My1tR0haN1Brb0xSdDJDM0ptME1ON2xONlItTWhEQnliYjhKVDhqaE42b2ExbjlZa2R3MEpfd09RNzMySXJZ?oc=5,,4402.0,0.78125,0.3,positive,0.3,product,"The article discusses a new service, 'Time Trip Taxi,' launched by Sony Group, indicating a product or service development. This could have a small positive impact on the stock depending on the perceived success of the new venture."
2025-10-27,ソニーG十時CEO、ワーナー買収「するつもりない」 アニメに集中 - 日本経済新聞,https://news.google.com/rss/articles/CBMiqAFBVV95cUxQZkxjYzZDMlBaQVA3YkI0S090b2puWG5FR2JTdzl1bUlKazJDVnNmeGx5R1plQVF1N19BYmFCcEx3UlJ6dnk5UnYwZm94SWNrQTdHdkdJR0RQRllxbjRDbHdkQWZyMjZ1R2dIMGFkaDBlTjRLVnpveFljWV9lSVhsSVE5OFhrWTNjcV9JZjRxNHZROFlKUnJZZFgtWnBMMHctbmZWMUdBTHE?oc=5,,4402.0,0.0,0.25,neutral,0.3,other,"The article directly quotes Sony Group's CEO denying intentions to acquire Warner Bros. This could potentially move the stock as it clarifies the company's M&A strategy, quelling speculation about a large acquisition."
2025-10-28,ソニーセミコン、車載画像センサーに高速通信を内蔵 消費電力2割減 - 日本経済新聞,https://news.google.com/rss/articles/CBMibEFVX3lxTE1EYVloM0doRmVDR3FaOVNVamVLc1Q3YzR2LVM3STFsbkxfdmZZN192bXhYLTVlNHMzYVRjWklnT3RwU01JNWY5cERXUXNSdS15bFVtcVV5SDNBWURYSjYta2tQdk95OHV6c0x3bw?oc=5,,4375.0,0.0,0.5,neutral,0.0,unknown,nan
2025-10-29,ソニーがLEXUSをゲーム空間に　車とグランツーリスモ7を同期　Japan Mobility Showで披露 - ITmedia Mobile - ITmedia,https://news.google.com/rss/articles/CBMib0FVX3lxTE4wcnA4cmRnVi10S1ZaTF9sLWx4bTM3akd6eTVwWnZTN0t1d1IxS19ZVEk1TlZTZEc5RDV0OTJ4MHp6YUtMMU9BV0NJVlFHcFExWko2aVotbElINjE5bGFoR0xQeU02Y3MxZFdFWGtrUdIBaEFVX3lxTE9nSnh3WXkzcFM3LTl5bEhsVXc0QTFMS1JEc1d4ZFFtNTBxSXBxRjRyeHdxS0NCWWN3TWtGUGU2RTRXTnFCTU04NXV5MXlVVHlFODZySFZvWGZ0X3I5OVJ1NklzWVh3VHRl?oc=5,,4315.0,0.0,0.5,neutral,0.0,unknown,nan
2025-10-30,ソニーのミニLEDテレビ「BRAVIA 9」。'24年最高評価モデルの結果は!?【測定データすべて見せます(7)】 - AV Watch,https://news.google.com/rss/articles/CBMicEFVX3lxTFBtUWxLTmdBaHJkNnZUb2V4NnAyczJicF9QcU9naHJoQXNXLWtwVFJVT2E1VEhiYUdBQjY2ckM3SEVfVWU3Y0s2UkVrZEt6ZjRGZ1pPLXRlV0RPb3RzQWRCRi0tQUd1YXU0Ynd5TTZieGg?oc=5,,4232.0,0.0,0.5,neutral,0.0,unknown,nan
2025-10-30,［動画で解説］ソニーグループのスピンオフ。取得価額は？税金の扱いは？素朴なギモンに答えます - トウシル,https://news.google.com/rss/articles/CBMiWkFVX3lxTE4zbFNaNHFtR3FhU1hray05Ukc0UW5BWjE0VjNVSXduUXBtUmRxVVJVcExsdG1BcDgzZjVzQjFqMkdldllyMkF1NmpzN2VLbGFRVVpOLVBNbDFYZw?oc=5,,4232.0,0.0,0.5,neutral,0.0,unknown,nan
2025-10-30,日本株ADR29日、全面安 ソニーGやオリックス下落 - 日本経済新聞,https://news.google.com/rss/articles/CBMiqAFBVV95cUxNQXNuRzBpZ2JpN205X2ZvcElPUXZBTkpsMWJDX3lHNUlmbHAyUkkxeXNKV2tUNmU3UVhuaFRWRXdWRDV1Q281WXF5eFl1dDg4UV9kdy1LS182VHliQlE0ZDRCSkVBVWUxX1lDLTlHMjRIUUJibHNsUjNqT1VYTldpZGtSUkd1R0xYQm5YYkp3SFRCNXNrZWpvbFhDbE8tdDhLY0JzSktMcGM?oc=5,,4232.0,0.0,0.5,neutral,0.0,unknown,nan
2025-10-31,ソニーとレクサスがコラボした「未来のエンタメ」の中身。実車と「グランツーリスモ7」が連携 - Business Insider Japan,https://news.google.com/rss/articles/CBMifkFVX3lxTE1GeUl1cGdGVWl1WlVvTEQyWUVfSENLTEtMMjBBaFljVjVybU9ZV2k5TTBGekNQcHpMNV9QbGdyX29kaFBLX1ZnR0hNdHRnZGxBQnlfUlRkUUp4MFRHaWlVTFlmM2F0N0Z4NG1Da0UzZW91VFpoYlhNVWpFVGZ0QQ?oc=5,,4332.0,0.0,0.5,neutral,0.0,unknown,nan
2025-10-31,【学生限定50名｜先着順】ソニーグループ クリエイティブセンターとひもとく「サステナビリティ×クリエイティブ」の“未来の兆し” - WIRED.jp,https://news.google.com/rss/articles/CBMiT0FVX3lxTE1lV0RHbEdJVk1DWFpydHF3b0pyUmdXMVVzLTJtWGt5Qm01alRVdlRtdzNKaXB4UVhfMVZudDdDUkJGUjZSMmhmNlBYa1B6ckE?oc=5,,4332.0,0.0,0.5,neutral,0.0,unknown,nan
2025-10-31,ソニーG、ブシロード、GENDA…ゲーム・アニメ・漫画「5兆円」コンテンツ産業で注目の知財（IP）企業は？【厳選9銘柄】 - ダイヤモンド・オンライン,https://news.google.com/rss/articles/CBMiTEFVX3lxTE50WEttRVNoZzMyU3FMTUFoQTZtRU5NUy1FeFRwUHlHdTl3aFdHOXFyRkxoWURFYXVhd1NEOE84ZzNOTElsRmp1OVpJdUnSAU9BVV95cUxNc0RKM2pROEdrQlZBc3ItMXB0c1VHWnlMOUNQNEppeFlZZl9NN3pvOGZYSTViencyY1RCcnVjdHgyNjRaOE9GVnpydUd4RW5J?oc=5,,4332.0,0.0,0.5,neutral,0.0,unknown,nan
2025-11-04,【神戸高校】華麗なる卒業生人脈！ソニー創業の井深大、経団連会長の筒井義信、白洲次郎、元参院議長の扇千景…《経済＆政官界＆スポーツ編》 - ダイヤモンド・オンライン,https://news.google.com/rss/articles/CBMiTEFVX3lxTE0zcXh6XzlIdzd6aUE1bDY5ZmF4dVRaSXQ1ZzhrbVNfYnV1OFVRN0U5MkVNZTY4bnN2N25iMlgyXzNhTWgzNHk4cEFWQ3LSAU9BVV95cUxQaHljR2wtSFhjWENmRzlZTW5JazBjR1pyTmNnb1RHcGdJaFQ0eDMwY0RidWFRVTU5MlFHalBNVEVxODFBUGRFNEFNbUN2UUZB?oc=5,,4295.0,0.0,0.5,neutral,0.0,unknown,nan
2025-11-04,ソニーグループ傘下のコーギア、Blue Goats Capitalの資本参加を受け独立経営体制へ移行 - marr.jp,https://news.google.com/rss/articles/CBMiTkFVX3lxTE16LXlCRC1hZnlSZEV0M05MSDFmMXhzWTJsTXltd21SVURHZ0k4cS1ubUdkNDBaNHpISG93YUxTYm0ycnVlT1NJTmhHaXpTZw?oc=5,,4295.0,0.0,0.5,neutral,0.0,unknown,nan
2025-11-04,ソニーグループ傘下のコーギア、Blue Goats Capitalの資本参加を受け独立経営体制へ移行 - marr.jp,https://news.google.com/rss/articles/CBMiZkFVX3lxTE1oN0FaTGFRNW9ORjk0VFQySTFseDlRaVRSaTZfY3kzeE5qVHlGMUtncVFEdXNER240TmNPOEQ4cmJ1T0YyUVVjQ0U1a05UWXZtQ09JTjBIelFZNUdjYlZtbFZqUk12UQ?oc=5,,4295.0,0.0,0.5,neutral,0.0,unknown,nan
2025-11-05,ソニーセミコン、車載イメージセンサーに高速シリアル回路内蔵 簡素・低コストに - 日経クロステック,https://news.google.com/rss/articles/CBMiZ0FVX3lxTE5LaC0yRm10UmtEX1RuNm95Yms4MnlWQkdDMDVCb3UwRDFqWUJCcVJGbXhObV9qNDdMQm10eWptOHZqX1hrMUpocExnWEtpazVLVjFPVV9MREtkbk9pNFkwTVZsMUUwQkU?oc=5,,4244.0,0.0,0.5,neutral,0.0,unknown,nan
2025-11-05,「MVNO as a Service」でソニー系ミークが攻勢、飽和市場を揺さぶる - 日経クロステック,https://news.google.com/rss/articles/CBMibEFVX3lxTFBFSjhyMTFVR2Y5M3hRQ2pCZnFOaHZRajZHblRJazZyLVRwTDc4X1Y2eDdTY3RxMWlJWTAweFFlNmFVd19SR0JEa3d3WkF3LTB6WVJha2xaTmc2UmhhdzJHbjBNN19MOFNhWnpTag?oc=5,,4244.0,0.0,0.5,neutral,0.0,unknown,nan
2025-11-05,"ソニーの2,499億9,000万円の自社株買いは、ソニーグループ（東証：6758）の長期投資ケースを強化するか？ - simplywall.st",https://news.google.com/rss/articles/CBMiqAFBVV95cUxNRTd5Nm9sak53WGZwcnpaYTRvNWNucTVzeThDNHpoUzMzZHBXS1dVUnFBNzR1MWsySm83cUtSVndZdnlrRFdTeTBsRUFNaUtCVmlsQ2x6SlBzMlVqS0xzdmV1VGRVYk1RV1RYaHVYYnlyQ3NZZGJPaG9yS2NoMkZRbWZ4ODdjMnFKYUR0R1loQm50SWgzajBSd1lUbmN3QldSTHNBS0k5M0rSAagBQVVfeXFMTUU3eTZvbGpOd1hmcHJ6WmE0bzVjbnE1c3k4QzR6aFMzM2RwV0tXVVJxQTc0dTFrMkpvN3FLUlZ3WXZ5a0RXU3kwbEVBTWlLQlZpbENsekpQczJVaktMc3ZldVRkVWJNUVdUWGh1WGJ5ckNzWWRiT2hvcktjaDJGUW1meDg3YzJxSmFEdEdZaEJudEloM2owUndZVG5jd0JXUkxzQUtJOTNK?oc=5,,4244.0,0.0,0.5,neutral,0.0,unknown,nan
2025-11-05,Netflixがワーナー・ブラザース・ディスカバリー買収を検討 ソニーは参戦を否定、メディア再編の行方は - media-innovation.jp,https://news.google.com/rss/articles/CBMiakFVX3lxTE1fbEJ6Z015c2VILXk0MHkyelR1QzE4dGlsOGFHR1A0LWJoVFVLUGxIWVVmYmR2VEZwQ1JWbm5HLVI2NnNKRGt1aldSRDdEbVFENnF3YmVFbENOTndWc0E2c0FMMmZZY3JZTmc?oc=5,,4244.0,0.0,0.5,neutral,0.0,unknown,nan
2025-11-05,ソニーグループ、エンタメ増益予想 11日決算 半導体事業の見通しは？ - ig.com,https://news.google.com/rss/articles/CBMimAFBVV95cUxOdkdEdXNPYW1IdTZUZzIyem5LNzZmSFJyS3gyUFVtQ1Awd0c0c2tQQ255aTRRMWZHZnNrX011SkRoUGQ2aU1Mb2tsNEhDNm1pYmdScXRRWU1zZW9YOVpKTEtOaXNZN2VzOFBMU3F0SS1hRzVsdVdiay1OZ3BlOFFIRFRvdU52UDZWeThnVUQtanJNS08tRjROaA?oc=5,,4244.0,0.0,0.5,neutral,0.0,unknown,nan
2025-11-05,【Amazonセール】本日お買い得！根強い人気を誇るソニーのサウンドバー「HT-S100F」が19％オフ - PHILE WEB,https://news.google.com/rss/articles/CBMiZkFVX3lxTE1BeTBGODhHb0RxMEVXR2hUWWNzM0F1RXNyWUIzN0RVdXNmN0J2RjF3S1duUmplTnNDVVdGdnlCWW1FQWw5b0R6ZWFPaEcySHl5RE1KRlRQRUd2QUdUc2pmSV9aUUxEQQ?oc=5,,4244.0,0.0,0.5,neutral,0.0,unknown,nan
2025-11-05,アニプレ傘下のアニメ制作会社、ソニーGの支援で新卒人材確保へ 新作画スタジオを新設（オタク総研） - Yahoo!ニュース,https://news.google.com/rss/articles/CBMif0FVX3lxTE1YTzZyc0czNlJmYWFIbWZsSUdYQzh6M2hObnVhLVZ0c0tUYnZOVTFJVjVHRXlCSkFhT29OLUpiLUVlT1BtOVRCR2YxQUZ2N2pXbC1KUXhHcGpObnFDZGE2N0NrbkdOUlhOZWFfNWlTcHVuc0o1OVNWWkJMY0VMNTQ?oc=5,,4244.0,0.0,0.5,neutral,0.0,unknown,nan
2025-11-05,ソニーストア、販売価格を値下げした時の「差額保証」サービスを 2026年2月5日をもって終了。 - ソニーが基本的に好き。,https://news.google.com/rss/articles/CBMiXEFVX3lxTFBXYXUwa3AzT2d5RFl6WkFkM0MxbHVDYzZCWGY3d29aN1Y3SmdzX1NxZVNleDV3bEZaSHNMMGlqVENzLUVPdmQzLUFkMWhfZ0htY3lTeTA4cTlhbjZM?oc=5,,4244.0,0.0,0.5,neutral,0.0,unknown,nan
2025-11-05,ソニー損保のCMで3姉妹を演じている女性は？（CDJournal） - Yahoo!ニュース,https://news.google.com/rss/articles/CBMif0FVX3lxTE9zTGYtS1g1elVXS0dvRlBoYmNmV3lhdjNkZ0E4WFVpazlFeVhvUF9NUDJ5a05pNTVxNVdHRHYxdnFZZkNMUmVVdE9JdFktVjA5Q05OOVhvcS1zWXdNU0JlMjBSSFBFZjhGVWQ1WXVQRmgyNkhFWFp0MENCbUF5U3c?oc=5,,4244.0,0.0,0.5,neutral,0.0,unknown,nan
2025-11-05,ブラックマジックデザイン、「Blackmagic Video Assist 3.22」アップデート公開。ライカ「SL3-S」、ソニー「FX3」「FX30」からのBlackmagic RAW収録に対応 - pronews.com,https://news.google.com/rss/articles/CBMiYEFVX3lxTE85U2oxd3Jjakp0b0J1Q3RsRVVZZ3RJQnZacFF0ZXF3SzNJUDd4SFVaSWNHdEF1Q0xsck5rX2JFVFpuVnZfS2ZwMWxmdFBkVjJzbzl3S0FFQ3F4NlU5X1JvcA?oc=5,,4244.0,0.0,0.5,neutral,0.0,unknown,nan
2025-11-05,"2025年11月、銀行｢預金金利｣ランキングTOP3。ソニー銀行、10年定期で""独走状態""を強める - Business Insider Japan",https://news.google.com/rss/articles/CBMinAFBVV95cUxOTFRaOUNhMmNiNjlfb2FvcWR3M0hPRjl2RFAtSEpJVEE3S3FaUDlKbGhOV00xbU9JMC1YR1hVUTJtWXhzY1VXWEhqYjhncFRyREpfcGVDLVpSNnNmcXhYNjNwb0pGbkUwTnZVc2tVVHRUanl0MTVhZEVQNXdMemZsNUNnc1B3Umk0UHN6TTRHaE9zUnc1NzVpb3M2SGw?oc=5,,4244.0,0.0,0.5,neutral,0.0,unknown,nan
2025-11-05,ソニーGがタクシーツアー、皇居に「デジタル江戸城」再現 - 日本経済新聞,https://news.google.com/rss/articles/CBMibEFVX3lxTE1GMXBwem12amNQbEo5eEFFc096SUJqLVJvUmxxNUJfeElkU0dpTnphWGtmYjNSdG1sTzYzOXRhUGwyWkdLTTJIOWtfbzVvVXR6RWF5X0tnY3dYa29FM0NNZWZkWFVwb19qNmw2Qg?oc=5,,4244.0,0.0,0.5,neutral,0.0,unknown,nan
2025-11-06,ソニー系、AI画像解析の評価用データを無償公開 偏見の有無を判定 - 日本経済新聞,https://news.google.com/rss/articles/CBMibEFVX3lxTFA4M09YYUJPMnExdG1BSDJZTTVObXFncGYzQU5FWEwzajZVM1VCYXJqOGhvWGttTjN3c2NKT3ZxZGZwblp3Y1Rqb0M3dVc2OW9BOEJreEk1YU9kQjBqMFlJOG1TNHZtaThjeEdPRA?oc=5,,4350.0,0.0,0.5,neutral,0.0,unknown,nan
2025-11-06,ソニー系、AI画像解析の評価用データを無償公開 偏見の有無を判定 - 日本経済新聞,https://news.google.com/rss/articles/CBMiqAFBVV95cUxQVm1QRGZVWmxnR2VxdFRKM3UyZzVFWHFyV05rOXZTNTdkTVFJVGVzSlRrejlsM2FDZWl5NjYyeTlva0s5WEkwUkZ3QUdXeU0zM0NjcVFWSnpTVUdLMW12cmI3UWdJNkFIOUd0U3Q2ZXExZlpDOTFsOTZ1ZTMzY0pNdV9WbnZjUVYyaFN3blVESmhlTi0zRzREZDFVYlpmM2NqVHcwcHNEYU0?oc=5,,4350.0,0.0,0.5,neutral,0.0,unknown,nan
2025-11-06,"2025年11月、銀行「預金金利」ランキングTOP3。ソニー銀行、10年定期で""独走状態""を強める - Yahoo!ニュース",https://news.google.com/rss/articles/CBMiiAFBVV95cUxNUklIV3ZpVENvYVYxQnh0N1JZbVJORkhybDFlZFRCQ0xHR0FaTkgtU1V5LWxxaUlIYVBMX3RsS0V1SmNkWEFmV0tkZVM5aU8yaldQMHMyUzY5b0NXcE9hLTh3LUpsaHdKd0dzVzQ2T1o5TlVtdHVodTU2UFhyT01RTXVTQ1JuZ3ZL?oc=5,,4350.0,0.0,0.5,neutral,0.0,unknown,nan
2025-11-06,ソニーが放送局および報道機関向け動画真正性ソリューションを発表 - CineD,https://news.google.com/rss/articles/CBMirAFBVV95cUxQQkZXTm5fZUFObmdyS2xQSGdTa0d6RGJ0VjA2eWx4bUU3bldnblRNZEVfU1k4V3lJVURhdUpDdXpCZ3BvT0l1eGVnYU5hZzVnaThUOE5VaFNVZ1d6dERrX0NxaTZpRG9XT043aWhtNjZEdW5EYmxqQmRZR2ZQbG5YSXUzV2V4N0lvUmJUWXM4VTI3ejlmZHB1VWlFNTdybUtJbjdBdUFoUWJRYndh?oc=5,,4350.0,0.0,0.5,neutral,0.0,unknown,nan
2025-11-06,ソニーセミコンダクタソリューションズ（SSS） / Stories デザインが生まれるまでのストーリー / Sony Design - Sony,https://news.google.com/rss/articles/CBMiYkFVX3lxTE96RElVbkVxcHdfbm9wTGlmQTF1WDJBQkstMURyWWJyMEJpOUtXcGF3amQ1OHliZ1JCVDVLOG44b0VmZjVBaUZNeFNybDFqVS1ac0tYRmRWR2stcGNKYUFoeE5B?oc=5,,4350.0,0.0,0.5,neutral,0.0,unknown,nan
2025-11-06,日本初開催で100周年を迎える東京2025デフリンピック「みるTech」にソニーのアクセシビリティに関する体験ブースを出展 - PR TIMES,https://news.google.com/rss/articles/CBMiakFVX3lxTE9iMGlVRVd0WVBrOURqdmczTTVrNmlOMFdmX1JWeEwtVXdIUm1HejFpdHh2QXA2VGY3VXF4dmRpRXVnanJ0RWRhVlVhV1ZXeVl6LWNaNF9wbnRQc3M5aEdPM3NpUnIweWZMTVE?oc=5,,4350.0,0.0,0.5,neutral,0.0,unknown,nan
2025-11-06,ソニーの新鋭モニター・ヘッドホン MDR-M1を、ラブリーサマーちゃんと中村公輔がレビュー - サンレコ,https://news.google.com/rss/articles/CBMidkFVX3lxTE8yUEhmYVY1U1lFU3IzTWQtY1dnbkdPUTZfZzBtaUlOU3BFTk1Bb0xzM1BVWTBnWXhJVXZtYmk4a2duLWZOZDQ0WF9rYm12VnowOGtRWlFQTFE2SXh4Szg4aTRZdUNEMjlRaFBzMVc1eU9YM2E5Q0E?oc=5,,4350.0,0.0,0.5,neutral,0.0,unknown,nan
2025-11-06,ソニーAI、公平性評価の新データセット「FHIBE」を国際公開 - Biz/Zine,https://news.google.com/rss/articles/CBMiUEFVX3lxTE5RcWpaMmctaGxlelllSGh0WmtVLUpWOXJEN2hTSXQ5Y2Rud3lBd1ptRVBOQkZUMmVFM3ZIeDVfN1pXZzg5d19aeEJkSjFhYlNU?oc=5,,4350.0,0.0,0.5,neutral,0.0,unknown,nan
2025-11-06,ソニーフィナンシャルグループ株式会社上場記念 住宅ローン借換えキャンペーン実施のお知らせ - PR TIMES,https://news.google.com/rss/articles/CBMiakFVX3lxTFBTSGp0V0hHWmV2a1J4ekxKdmpSeVRVR3lKVnhid2VvQ0pGZkw1b1JfU0tOYXBkSzRSTDVFd1lta0pZUHRYS3BMZ3VHOFlkdElzWjRYNGdIbjJBOEtuczJuazEwNElEQ2FhQXc?oc=5,,4350.0,0.0,0.5,neutral,0.0,unknown,nan
2025-11-06,ソニー、FX2の最新ソフトウェアVer.1.01を公開。DCI 4K/48fps撮影やマウントアダプター使用時の不具合を修正 - pronews.com,https://news.google.com/rss/articles/CBMiYEFVX3lxTE9YaVl6WEp6YjZQZVdKRmJLSTRJTV9mX1BHbjlrVXhDeUxTSU9PaEZxTzBqYjdkZlpkODNaQlFJTTcyaGVsVERneUhQdG9UWjlDdFRaYTJqZVU1TmxYRFVJeg?oc=5,,4350.0,0.0,0.5,neutral,0.0,unknown,nan
2025-11-06,ソニー「Xperia 1 VII／10 VII」が最大1万円還元の「スタミナ祭り」開催中（NANA） - エキスパート - Yahoo!ニュース,https://news.google.com/rss/articles/CBMiiAFBVV95cUxPLWs1VUh2RG1fRTl3bEJQU1EtUzVpZzlGbmNfNC1HaHdLZnZmb1ozNkxhanl5OXY3dmk4LUlZY3FhSkxoc1hNeEFpNmpRdzItNEg2TVVLcC1EX0VfblZvREpNX2h2Q3JNNEZjcm9NZm1ScEJwaUthOEUtd0VIOC1kT1MyeGQ3azdq?oc=5,,4350.0,0.0,0.5,neutral,0.0,unknown,nan
2025-11-07,デザインは経営ツールだ ソニーグループ - 日経ビジネス電子版,https://news.google.com/rss/articles/CBMiZEFVX3lxTE83OGtXTUtEeVhpZmpkVlJ0Qk5iWVBhU0FDU0JzNFNrU0hTVHlOSDdWYlVRX3dDSjRnVzNSMFdBcUt1czhsb2dQa0lhelNZejN5TWN3SXdSN1JKU1NKeTN1ZG5KQjI?oc=5,,4259.0,0.0,0.5,neutral,0.0,unknown,nan
2025-11-07,ソニー「α7V」は12月上旬に発表、クリスマス前に発売？ - デジカメinfo,https://news.google.com/rss/articles/CBMiVkFVX3lxTE41QXpVa2VybVVfS2FuRG5uRnBMc0RBc01aYThaUUJXSjR6bmZMSjhLbmppb1EyNmVMNmNSSWYwSk5mSVdoTjJYdFhfVFpDOFgxUFRmVGxR?oc=5,,4259.0,0.0,0.5,neutral,0.0,unknown,nan
2025-11-07,ソニーα7 V は12月上旬に正式発表となる？ - とるなら 写真道楽道中記,https://news.google.com/rss/articles/CBMikAFBVV95cUxPX2dVTkw3WHVWMTJGb1ViVmhzcTdqS1d0ZjFSWW02MU15YjZCeEtZZkZSMGMwU2RTZFg1eWpyVmFjZDFlMTVqbmJGVFVZMTIySk8zd05CYUJjRHRLZ1R3clMzSy00OEwzdnZtcG1DcnFRNDVZNlc4SzNxWkREMnZLNlY3UlhtLVdhdnlDa3RsYjc?oc=5,,4259.0,0.0,0.5,neutral,0.0,unknown,nan
2025-11-07,ソニー、純損失4567億円からの復活の立役者 顧客視点で改革断行 - 日経ビジネス電子版,https://news.google.com/rss/articles/CBMiZ0FVX3lxTE5USERGejNlMjFHOXBJd1NtZW9kR1FkYm9jYkV4SjJ2elN5V3Q3d1VLUlNBYTdLQ3JnQ2t6VUlqRW5MWWtTQ2xCdUdXYmxrWGtBaE51RGlfaHAzdDktNkl6OGZxWDdBSjQ?oc=5,,4259.0,0.0,0.5,neutral,0.0,unknown,nan
2025-11-07,［新連載］ソニーのEV、始まりはデザイナーが勝手に描いたスケッチだった - 日経ビジネス電子版,https://news.google.com/rss/articles/CBMiZ0FVX3lxTE5iYm5weUNfVmxKbUxXTl9VVlFSM3JWakRud2dIM3Y2QWdXa1pXQkxJNDNaZUY0OWVteGwzU2hyLVlKbEdfelAyczR4R2lqX3BnMDZCUGRNLWVjMzRJcDZhRU83Rk95Vzg?oc=5,,4259.0,0.0,0.5,neutral,0.0,unknown,nan
2025-11-07,ソニーEVの始まり／ネクスペリアショック／サイバー攻撃、バックアップ狙う（2025年11月7日版） - 日経ビジネス電子版,https://news.google.com/rss/articles/CBMiakFVX3lxTE94Z2hRNXdlTXlTZDFYY240SUYwS1BuTXd0SGNpT2hXOXpGVkhDNlRHelpDVjV1Z0Q1aWRFSmZvS2lLdnVxNEZDZFF4QWFMUUN3eWRieTdyTm9QRHktcVc1Qy0zVGs0SVh4Znc?oc=5,,4259.0,0.0,0.5,neutral,0.0,unknown,nan
2025-11-07,「『あの時は悪かった』と言わせてみせる」世界のソニーにTOKYO FM前身のド新人が啖呵を切ってのし上がるまで - Yahoo!ニュース,https://news.google.com/rss/articles/CBMiiAFBVV95cUxNLU5yMlZYY1NEaGpyOG9ya05udXo3UWM2dWl2X2RhbmJXMFY3SlBseVpJaEpZS3FtZ0ZwTnNHeDl0d29IREMyV0o5WTM0QV9sTTBRTE40OHVCZmxDTTJOeWt2Yy1Ocmc4ZzVOV1ZYUUE1S1BGNW9aY2t6OHlyTE9MbzhIUktidkJ1?oc=5,,4259.0,0.0,0.5,neutral,0.0,unknown,nan
2025-11-07,ソニー銀行株式会社 様 - Fujitsu Global,https://news.google.com/rss/articles/CBMif0FVX3lxTE5iUzMxSFB3WEk0cjk2cHYwRjV6NTQ0bzJGNUk0Y0NxNThlY3dQT2hTdWk1SEYyNTlMRFFRMG5QSjAtSXNlS3MtT0I4RFlfdXdKbkszSXdCQ3dteXRFQzBiZEh6NWxockNhcG0xYVBUbmlZM3lTTVdUWHRuTXBGZ28?oc=5,,4259.0,0.0,0.5,neutral,0.0,unknown,nan
2025-11-07,インハウスデザイナーの力で課題解決を目指す「IN-HOUSE→SOCIAL DESIGN UNIT」にソニーが参画 - japandesign.ne.jp,https://news.google.com/rss/articles/CBMiXkFVX3lxTE9yV19KZXM0R19WZWZBaHo3Vzk3OHNjV0Itc3EwN2Via3Y1MmxQMnlvUHdyMWlBcmVQQml4ZmY5clZ4SHpNYWx3eGZQZkxFUFFveUZNUnNsZkJFSHQ3R2c?oc=5,,4259.0,0.0,0.5,neutral,0.0,unknown,nan
2025-11-07,ソニー2025年度第2四半期 業績説明会を11月11日(火)16時開催。PS5累計販売台数などの情報を公開。 - ソニーが基本的に好き。,https://news.google.com/rss/articles/CBMiR0FVX3lxTE5ITlo0YVdOdjB0UHR5bW5fRmd0TDdxanE4YVNhYnBOX1hqUVVFb19Fd0t0MGlsLWRLdjRQdF83WkpMeHZwUG9J?oc=5,,4259.0,0.0,0.5,neutral,0.0,unknown,nan
2025-11-07,IIJとソニーセミコンがスマート農業の合弁会社を設立へ、IoTで効率的な農地管理を目指す - ケータイ Watch,https://news.google.com/rss/articles/CBMiZ0FVX3lxTFBlSVJFdlNzQ25tTkhIOTNaWEFoMWZwc3JSY09paTJRQ1NYN1M5UXFkdjg5SzhPU1ZhdHV0TXdpS3JqTFlkVEIzUEVtTVV2X1F2LWFCWE1rb0RPbkdiWm44UjFzQ3p1ZFU?oc=5,,4259.0,0.0,0.5,neutral,0.0,unknown,nan
2025-11-07,Thypoch、大口径単焦点レンズ「Simera」シリーズにキヤノンRF/ソニーE/ニコンZ - デジカメ Watch,https://news.google.com/rss/articles/CBMiY0FVX3lxTE42S0hNUE9KQTBYcEowVVU2X0NJNEcxTkVtaW0tcTF4c3NDbWZESmdPaTdOanJ3R1Z6aVRvM0ZQOGF1aXU1Y1VtU3Z2c1FQWG5YMXo1cFJsZUE4RTFNRnZXMnN6cw?oc=5,,4259.0,0.0,0.5,neutral,0.0,unknown,nan
2025-11-07,「IDOLIC」がソニー「Xperia 10 VII」Web CM CMソングに決定！ | 中島健人 | ソニーミュージックオフィシャルサイト - ソニーミュージックオフィシャルサイト,https://news.google.com/rss/articles/CBMifkFVX3lxTE11Q3JYcGxLTzhxam43U1RSM09wcGVpcng0Yy1qSWZWSFRMSDlmUzVnYmZZZGtBOGVjWXc3dG9CNkNSdFZJYTRFeGtjQl9ybndBTGw3dG5NLXNOaWoxS21OdHFmYmJQMHZYLUFnd0ZiN2ZzNzZQcGFBcWh1ZEdKZw?oc=5,,4259.0,0.0,0.5,neutral,0.0,unknown,nan
2025-11-07,「IDOLIC」がソニー「Xperia 10 VII」Web CM CMソングに決定！ | 中島健人 | ソニーミュージックオフィシャルサイト - ソニーミュージックオフィシャルサイト,https://news.google.com/rss/articles/CBMibEFVX3lxTFA4SERyYXdRZEFaeXlNS3BpTUgyX1dkUVhpdmIyMEVqQzltZkxCTks4QnMzai1lN1hLdUhIdEpGUE1NWVBKMmtoY1ltampyRmF1QmoxRm5iOUQ4YXg0UlJRZGotQXBxWXZGbjM4dA?oc=5,,4259.0,0.0,0.5,neutral,0.0,unknown,nan
2025-11-07,"「ソニーコーポレートブログ」更新のご案内 ""特性""を戦力に、働く領域を広げる。ソニー希望・光の挑戦とは - Sony",https://news.google.com/rss/articles/CBMickFVX3lxTFA5UWN4QUJ6aEpaOWxBcEpRc0dfTVdQVkdzVVJhLXlYR24tSVN3SFZWc1FGaGh4LVhfRmxheGQ5NWRMYVJxM09EYUdLNDQzcWlOLUVHZWI4eE5tTmpQZjhCUTgwbzJUd0Zpa2pHMUlManpIZw?oc=5,,4259.0,0.0,0.5,neutral,0.0,unknown,nan
2025-11-07,"""特性""を戦力に、働く領域を広げる。ソニー希望・光の挑戦とは - Sony",https://news.google.com/rss/articles/CBMiXkFVX3lxTFBCem5BTC05bTFLUExxclZhTWhIb2lyRHpZWm9KajBXRHFNWXZqWmhBRndNNTdWV015UVZCNmJ6WDRYRS1tb0NrVzBodWlGZ0pjSjVtX2hzNHdNcnI0c0E?oc=5,,4259.0,0.0,0.5,neutral,0.0,unknown,nan
2025-11-07,中島健人「IDOLIC」CMソング × ソニー 「Xperia 10 VII」Web CM “Xperia 10ティー”公開。 - ソニーが基本的に好き。,https://news.google.com/rss/articles/CBMiTkFVX3lxTE9UcUZfREV5ZVR2WUZJME1TNE5fWWhNanZlTzloeXJaMnZnTExNSkRwZnl1UDgxNjU5X09YMC1FY2MxMmFoamlKZXQxQW1Udw?oc=5,,4259.0,0.0,0.5,neutral,0.0,unknown,nan
2025-11-07,【Amazonお買い得情報】約5万円引き！ ソニー「サウンドバー」で広がりのあるサウンドを楽しもう【11月7日】 - All About ニュース,https://news.google.com/rss/articles/CBMiWkFVX3lxTE9SWFl1N2FxUFc3NEpSUGVsV2laWXp4WFF1QnJVZFZlSnVrSVdfeFhiNUZLVkpEbTl4RFdUZzVzZzh0Rkw1M3JLYmtBcTNJbnNsb0hRZ2l1YlJHdw?oc=5,,4259.0,0.0,0.5,neutral,0.0,unknown,nan
2025-11-07,IIJとソニー、スマート農業の新会社 通信と機器開発の知見生かす - 日本経済新聞,https://news.google.com/rss/articles/CBMibEFVX3lxTE9rdS1aTkRId3VKanVsTVNrdkxZX1c5eExNbk1RTVJfOW9kT1ZBc0E4R29OZjZZSHpPY1hLV0E0TTM3VW9jalJPRnFEd3NZWDJ6OUNxTDVPa2V5MkswdnUxM25BNkE4dm4wT2hLWQ?oc=5,,4259.0,0.0,0.5,neutral,0.0,unknown,nan
2025-11-07,【市況】 来週の決算発表予定 ソニーＧ、三菱ＵＦＪ、ＳＢＧなど (11月10日～14日) - かぶたん,https://news.google.com/rss/articles/CBMiYEFVX3lxTE1HSWo0VjdnbmN1eTY1R1F3Q2JYSUluS0xnN2paZGhJMmVLMmw0UVJRbmdRM3FOT0dwcmRpdUNCU3ZOeUtCckF0bEhhaVBUOG56Z1Q3NEFFOUZkNkNRUHZrRg?oc=5,,4259.0,0.0,0.5,neutral,0.0,unknown,nan
2025-11-07,IIJ、ソニーセミコンとスマート農業で新会社＝作業効率化を支援、26年4月始動(時事通信) - Yahoo!ファイナンス,https://news.google.com/rss/articles/CBMihwFBVV95cUxPaGFTSVFzbExHRnJ1ZEtEcnBfbHNEMmNFVEZNcF9PRXFBQ2tkcnJtMDItR21maHBuTjVlU1hmeS1YaVRFaS05VWc4X0dQa3c2UVlwYXkwb3FHS2pfZnJQbzNfSFN5SGkwRnlpSHR0T2hVRXFkQVdtNGEycE1URXZ2TTZkNloxN28?oc=5,,4259.0,0.0,0.5,neutral,0.0,unknown,nan
2025-11-07,IIJとソニーセミコンがスマート農業関連の合弁会社設立 - ZDNET Japan,https://news.google.com/rss/articles/CBMiU0FVX3lxTE9lbnBHY1NFSU1ISHFBTWs2d21OUTJjckQ1Y090bGd1ZWFqNjN0aUpUTWhTOGlkSzFCeFd3QkpQYS1fU2FMY0VFMGM5Vmo5X0ZuWE9j?oc=5,,4259.0,0.0,0.5,neutral,0.0,unknown,nan
2025-11-07,ソニー、CineAltaカメラ「BURANO」Ver.2.03を公開。S35 240fps撮影、1.8倍デスクイーズ対応など機能大幅強 - pronews.com,https://news.google.com/rss/articles/CBMiYEFVX3lxTE5EU0tMajBOeUU1Z25WOFJITktLaXVKb3dwVVJNVGQ3WXd1M3NBOVhGWXB4Ni1aNUxnR1R5YXo3MF9xdmhMd1ZPODFXbXcwc0R5M3hsRjY2d1lUZ3RwRC1JXw?oc=5,,4259.0,0.0,0.5,neutral,0.0,unknown,nan
2025-11-07,中島健人、最新曲「IDOLIC」が自身出演のソニー「Xperia 10 VII」Web CMソングに決定。公開スタート - decolum.jp,https://news.google.com/rss/articles/CBMiSkFVX3lxTFBkamc2Z3BHQmlyMFYwdU5RdEE1YWYwM0Q5eUhZMjk1MzdKM3QzZWJxY1dIZHVHaGNzYS0tSGExNGxjNkp2SGxvU09R?oc=5,,4259.0,0.0,0.5,neutral,0.0,unknown,nan
2025-11-07,ソニーがAIモデルの公平性を評価するためのデータセット「Fair Human-Centric Image Benchmark(FHIBE)」を公開 - GIGAZINE,https://news.google.com/rss/articles/CBMiaEFVX3lxTE5DRThUNHg2YzJPZk5GakZMbXV3Zjd1MDEyVTBiTWg1SXdJVUh3TTV2RHpuZXlzUXd5emc3a2stVC1UellNUVU3U09mZExGVDUxbndYRDNlTUVQaFFfbFpoTXlrYmEyMVdo?oc=5,,4259.0,0.0,0.5,neutral,0.0,unknown,nan
2025-11-07,中島健人が出演する ソニー「Xperia 10 VII」Web CM 最新曲「IDOLIC」がCMソングに決定！ 本日より公開スタート！ - 株式会社USEN,https://news.google.com/rss/articles/CBMie0FVX3lxTE16c0ZjYy1NQVRGTkRrN0pDeVNNRk5LQTVac1NzMWs2dUc4STcyVmRMdXlhZS1aWDdjbXR3NG5hcHlWaWZFZTdleHZqU1Y0dS16NElPb21JN3lCb09QVWJCZVlXYkkyZFNyOHcxUjV3WFA3SGhJdDhOWnFvTQ?oc=5,,4259.0,0.0,0.5,neutral,0.0,unknown,nan
2025-11-07,椎葉恒𠮷 「QUARTER LIGHT LANDSCAPES」 （ソニーイメージングギャラリー 銀座） - Tokyo Art Beat,https://news.google.com/rss/articles/CBMipAFBVV95cUxOMEtjX0lidzI2aDBvWjJPempDQ1hLSVBhQU96TjRWczd1Y2hMS3BXazQzUkFHckZOQTlhcDNQR1B3MkZEa2Rod0VYcmM5THJYNnJNcjAtYnZhVUdfZFB5Wnp5ZWVjS0RSZFNVNklFZ0xDeWN3UDFTVjdpMUhad1NBRG8wajRHaDlvUDk3YjJmQmFKdF9vVlhnMW4ydUplNzdxVDB6Qw?oc=5,,4259.0,0.0,0.5,neutral,0.0,unknown,nan
2025-11-07,IIJ、ソニーセミコンとスマート農業で新会社（時事通信） - Yahoo!ニュース,https://news.google.com/rss/articles/CBMif0FVX3lxTE8zSHpsbjR6Q2ZRbmhWQTFSMlV0YmloVEhJR1NFa0xwUjZGT3hpVVllNGRDUlNJMFhGX3U3VUwxZEVBWF9pSVZTRk4tb2RzcTFLVVRhcGFNdnBRUjR2cHI1eFNwcmViOVlGRmNQbGtBOEpDdXhHeWE2MzVKeUhPUnc?oc=5,,4259.0,0.0,0.5,neutral,0.0,unknown,nan
2025-11-07,ソニー「α7V」が12月上旬に発表されるのは100%確実？ - デジカメinfo,https://news.google.com/rss/articles/CBMiWkFVX3lxTFBzbWFKaFhoUzkyX2hxb2w1YklNNlNyX0ZieTZCVnJod3p6LWVybFozNGZVVE9MTUpHaVBtXzREV0ZjMEd6dTFjU0ZDVlhPV0tGZ1pnZmVhV2xJZw?oc=5,,4259.0,0.0,0.5,neutral,0.0,unknown,nan
2025-11-07,全国で総勢120名を超える子どもたちが参加！松坂大輔さん、長野で今年度最後の野球教室を開催 松坂大輔 Baseball Academy～生きがいを、愛そう。～presented by ソニー生命 - PR TIMES,https://news.google.com/rss/articles/CBMiakFVX3lxTE1YV3J3d21vX1VTOWRRUUdIY3lGOHJBSlQzQmhvejFhTnFDcWtHOTNuelBlWkVocTBjV09uNWpJcTkzSDBwNk5Ja3JqOWQ1ZkVocGZ0V1J4TG9IOS1mSUZpT01HUUxZTXJvOXc?oc=5,,4259.0,0.0,0.5,neutral,0.0,unknown,nan
2025-11-07,ソフトバンクGやソニーGが4〜9月決算 今週の予定11月9日〜 - 日本経済新聞,https://news.google.com/rss/articles/CBMibEFVX3lxTE1jdkRaODlJRm5DQkw2S3Y2a0g5RUdvQ3A1UHpsZlpaQ2wweldfd3A0Yl9LRDJCUkpMb1FxQ0d5M1A4dXlvMkUzUmhpU1VxcTJrOWNRUzZCNWhKOVlJd01KQ3ZPUzBxQkNFVWE0ag?oc=5,,4259.0,0.0,0.5,neutral,0.0,unknown,nan
2025-11-07,ソニーα7 Vと思われる新しいリーク画像と可能性の高い追加情報 - とるなら 写真道楽道中記,https://news.google.com/rss/articles/CBMinAFBVV95cUxNYlJhYTAxOXVkSE1sMmVSS2prd0J0Zlp5ajVObFpXOXhzbXZvY2x0dHBudFh2QnptTHJTVTJLbzZ5cmkxeHctR0p3LWpRUU83TlBKWXREejRLeWlHZ256SjZCNjdrYmVPTlFWSlZVemlGNUtzWGxPWmYxaWw4MUxUMnB5ZTFHQmNHUjVTMkQ0ckstdXYtbTVvbU9pbkU?oc=5,,4259.0,0.0,0.5,neutral,0.0,unknown,nan
2025-11-07,信用残ランキング【買い残減少】 ソニーＦＧ、三菱ＵＦＪ、ＩＨＩ(株探ニュース) - Yahoo!ファイナンス,https://news.google.com/rss/articles/CBMihwFBVV95cUxPNEVJaWpPQTZpQnFxYy1iX1BkLXlHdFdHck9hMEZWekdiYWhHQkNiX2hBNG1fRWFTUE9CM2NTRjhUMEUxM29qRGwyekhPeDBhSWFRZ1loNm1rd1FORDN1aTBYSU82RFdIU2ZjV09UUWJybFQ0Qjc3dERORUNlZDZMb3M3NUFWMVk?oc=5,,4259.0,0.0,0.5,neutral,0.0,unknown,nan
2025-11-07,ソニーのMini LEDバックライト搭載4K液晶テレビ「BRAVIA 5」　85V型の大画面 - ｄメニューニュース,https://news.google.com/rss/articles/CBMixwFBVV95cUxNLWtrQnFiSmdJVzdkWU5zWHVOTEQzUVZ1ZjhvMUh1UXcyXzJfakxyNTVmMmhKalFXWVFGTWx0eFBCcEdvc09pMWxWZEVHNnVZdElBS09zYUlLYUJUZmJtUnNBQ3pJazZZdnhaNVBCcjdPMHhwaW01MUt4dDVobVBIYlN5T3ZmRkFxMmc5QW1QTXg3YjE3N1NQcUt1WHFpekF5c1hMX2ZQV3RsTXY3YjEzdHVHcEx4MDlJTHB2UjhfY2RsMDJGYTVV0gF3QVVfeXFMT0tlRjR3S0h0aW4wOHZrRER6aTRiajY3bHlPZUppYVJySGNJc19yRURBWFE0STR1OTFDcjl5T1haUm5YbFAyVFFxVjdOdV8zS1Axb29BSS1fUmFMV01KM1hDTHJVTTlmSFN6eDBFcHFFN1VkdU9ycVU?oc=5,,4259.0,0.0,0.5,neutral,0.0,unknown,nan
2025-11-07,【神コスパダウン爆誕】高品質「TAION」とソニーレーベルが初タッグ！冬の主役は”軽くて暖かい”別注ダウンジャケットで決まり！ - ラブすぽ,https://news.google.com/rss/articles/CBMiWEFVX3lxTE9FSEctSGJvTHVXUWlUamZqNllsclRFcUhiT29hN2ZqMkZvbjRmb1JIVXVpWEFGVmxLT0pLN2N3WG1GWHVncktKYTlGSVlLTEh3UnVsMTRWTDY?oc=5,,4259.0,0.0,0.5,neutral,0.0,unknown,nan
2025-11-07,PlayStation5発売5周年記念『PLAY IN GINZA』Ginza Sony Park(銀座ソニーパーク)で、2025年11月15日(土)～12月3日(水)まで開催。PS30周年記念ポスター全30種類を一挙公開。 - ソニーが基本的に好き。,https://news.google.com/rss/articles/CBMiTkFVX3lxTE5RSkdESDRGWG43TVpZTlJtX0R6TWhNRHRWbUNETDhDSGg3UktodHpscVV6Mzg5cXZBMldMOUNxQlZ4TTFnRjduQkt6cHhZUQ?oc=5,,4259.0,0.0,0.5,neutral,0.0,unknown,nan
2025-11-07,ソニーのMini LEDバックライト搭載4K液晶テレビ「BRAVIA 5」 85V型の大画面 - au Webポータル,https://news.google.com/rss/articles/CBMie0FVX3lxTE9xaHd6dnNJZzFVMXoxLW1Bdi0yd2lEN0F6NHhMRko3WDB6SXdtV1g4RXlua25WRmNpMVdVOHZpRy1IVGtzS2o3MnVCcnZ4Z01kV3JvMW05LWZzdmN1b2NObXhQQnc2cDdZVk5uVjQzODU3NnduVDd4WnFfUQ?oc=5,,4259.0,0.0,0.5,neutral,0.0,unknown,nan
2025-11-07,ソニーのMini LEDバックライト搭載4K液晶テレビ「BRAVIA 5」 85V型の大画面 - TRILL,https://news.google.com/rss/articles/CBMiT0FVX3lxTE1lbXJWTVhObzZXdk9KVjh0aEJ5TjJNOE1aeGEybzI1elVCWVZZbXc4SnRhYzRDaHdPUWVneEhiNzZ4RHZlU3VJV09DZWthRVk?oc=5,,4259.0,0.0,0.5,neutral,0.0,unknown,nan
2025-11-07,今週の決算発表予定 ソニーＧ、三菱ＵＦＪ、ＳＢＧなど (11月10日～14日) - かぶたん,https://news.google.com/rss/articles/CBMiYEFVX3lxTE5vQkdJSU5rTzZhM09uSnRBSkdXeFRuU2VDRjJPRmpCTVJ4TmxNUzd6ZklBbkNMaDY4NU5taHJFLW9ONmRXNW8tM3cwSEtTRy1EeWF6Ul8xUWJlZnVVRE5Bdg?oc=5,,4259.0,0.0,0.5,neutral,0.0,unknown,nan
2025-11-07,今週の決算発表予定 ソニーＧ、三菱ＵＦＪ、ＳＢＧなど (11月10日～14日) - ライブドアニュース,https://news.google.com/rss/articles/CBMiX0FVX3lxTFB3NWlYa0J5aGNWM3dkckZ1VkROcmlDWGRDcUczWkcxSDJ6ZDVfSlprNmlzdFdJM0hDblViZHJ1aVN1Y1FTUFEwV1BPYzVsSVhLcDEzcUdtb0xRLUdqdzZz?oc=5,,4259.0,0.0,0.5,neutral,0.0,unknown,nan
2025-11-10,ソニー中国・吉田武司総裁が語るトレンドと収穫 第8回輸入博 - au Webポータル,https://news.google.com/rss/articles/CBMie0FVX3lxTE9hTGhRMEh5ZFJvX1FTRlNaZ2FqOG5lSzg3aUQyM3pwNjVOSjF0d1V3UE5TS0Y4emRQai1TWFd5VGw2N3hWU1Jrb1JyZHJnOWd6S3NzWjhNM2gwWmd5ZnlHWTZmM0VLVFE3cTJQSGVVOElRZ0hCNFdfd2hWTQ?oc=5,,4258.0,0.0,0.5,neutral,0.0,unknown,nan
2025-11-10,ソニー中国・吉田武司総裁が語るトレンドと収穫　第8回輸入博 - ｄメニューニュース,https://news.google.com/rss/articles/CBMingFBVV95cUxOeHloUk1QeDRONUVDRjhJNWM4b2ZCVzkwM0pEbDhvTW01bHFkWllFVE5LbW1aMHR4aU5NLVZ5NkdFeEVCUDRqbm9fRURSSlBKcjItTFRnbG4xV2xiZzgzV3pqbWxJSkg5UTFVMGl0ZFB0Z3d6SWJPV2RwTWFqUnJjUVgwbkJuYjJaa0lVQk1EOHE2OUM5cHRkdXVuYjEwQdIBkAFBVV95cUxPY1JPaGM5Vk95OVdNUUJLNzV6YTh5N2ZfSEJLV3F4bUFnSzJTakM0eEdDQXh2X0hYeEdOLVQzU2pSQktFdXFCSF9FZFB2blEyM1pmQnRUSU9UbDRqSzM0Tzh3cFJMOFdzT21TQ2NtcHlyczlhRlNyZUZyTHk5TnRDdUFHZk9IMWRDc2VIdjBWWkw?oc=5,,4258.0,0.0,0.5,neutral,0.0,unknown,nan
2025-11-10,ソニー新型200MPセンサー「LYT-910」のリークが浮上。初搭載は「Ultra」で「Xperia Ultra」復活説にも注目 - スマホダイジェスト,https://news.google.com/rss/articles/CBMiSEFVX3lxTE04d1owZWV6aG9VZ0d4Y0NYN1pjdWJCbFFISVdfaVpUcmJtU1VTR1FxZ1o4WEtKTEFGdkRNclNrSTFXaFlvajR2QQ?oc=5,,4258.0,0.0,0.5,neutral,0.0,unknown,nan
2025-11-10,サムスン急浮上で異変｢ソニー半導体｣の岐路。イメージセンサー王者は覇権を維持できるか - 東洋経済オンライン,https://news.google.com/rss/articles/CBMiUkFVX3lxTE1VM0N4bVd2R3RyRUEtNXdNWHo2Sm9qVGlPc2xjSTM1eXA5OGFrS0hLak1oal9SYjhzQk9TTC1aRFlVUmZILXlvUXlGeXdrZF9uVWc?oc=5,,4258.0,0.0,0.5,neutral,0.0,unknown,nan
2025-11-10,【本日みつけたお買い得品】3番組同時録画が可能！ソニーの4K対応BDレコーダが約1万7千円引き - PC Watch,https://news.google.com/rss/articles/CBMidEFVX3lxTFBBRWM5MWtGcm4xekVla3FRQWM1cTZEZzRaWWplR1BYOXVVZXBSYndrenhoTllwMU9wNDlaV0hXTHc1aGx0M25nanBxR1FKeGI0Q3BJVEdkcnI3dnVJbVQ3RFBaNzR3Tko0MklDdHY1b0RmT1ll?oc=5,,4258.0,0.0,0.5,neutral,0.0,unknown,nan
2025-11-10,Xperia 1 VII / Xperia 10 VII SIMフリーモデル依然として納期は安定せず。ソニーストア在庫状況(2025年11月10日) - ソニーが基本的に好き。,https://news.google.com/rss/articles/CBMiVEFVX3lxTE5nS2tkSWg3RWc1MWl6N0UwUDQ3VGl5TENGM09Pa0JEZ1N1WlNGNUJlM1ppTGRDUE1zN1JLRG1wTkdhQTNZWTUtVXlQT2ZRZ3NoX25lRQ?oc=5,,4258.0,0.0,0.5,neutral,0.0,unknown,nan
2025-11-11,ソニーセミコン指田社長が明かすイメージセンサー事業の成功法則。｢勝ち馬を見極め関係を構築する｣ - 東洋経済オンライン,https://news.google.com/rss/articles/CBMiUkFVX3lxTE5RY1lGZzZBQXJNbGxFNWhRVDh5N3U2TVRqOXZEN3JmWHNIRlpCbnM0NnFuRWNJZTd2dHBqRjQ2MXM3QjVVc2M0bzE0dzJ3ZkNScUE?oc=5,,4520.0,0.0,0.5,neutral,0.0,unknown,nan
2025-11-11,【注目】 本日の決算発表予定 … ＳＢＧ、ソニーＧ、川重など 244社 (11月11日) - かぶたん,https://news.google.com/rss/articles/CBMiYEFVX3lxTE5jUzNWY2FQTTRKaDdOWE05YTBhSTRJWjIwVWxjbXNuVV9NVVlSTkJLdFFOenZDOVpaNDNOcEJZYm96NVBUSjJXb2d4eWxxOVE5Q1NjNEY3TnNENGR1djcyRA?oc=5,,4520.0,0.0,0.5,neutral,0.0,unknown,nan
2025-11-11,ソニーグループ、9月中間決算は営業利益20％増の7689億円と大幅増益 ゲームと音楽、イメージセンサーがけん引 - gamebiz【ゲームビズ】,https://news.google.com/rss/articles/CBMiREFVX3lxTE9TRG5mdllFLWhXc1ItckdlQ3BwbTYxQjJVZVNQdFZib1RsZmRhYWdzLURScF9ybGFyb0RYbXFEMGwzb2h1?oc=5,,4520.0,0.0,0.5,neutral,0.0,unknown,nan
2025-11-11,【速報】 ソニーＧ、自社株買いの実施を発表 - かぶたん,https://news.google.com/rss/articles/CBMiYEFVX3lxTE80Q2V2VE1WZlozVVFxTW1zRnROVzQ0N25WZEpvWF81MWNDZ052Z0pxR184UjhYOERycDhTMDUwZFdld0JVWjhacmZOa1JCYjUtbXdzaVRrWEMyLWRHVVVJdA?oc=5,,4520.0,0.0,0.5,neutral,0.0,unknown,nan
2025-11-11,ソニーグループ【6758】、今期最終を8％上方修正 | 決算速報 - 株探ニュース - かぶたん,https://news.google.com/rss/articles/CBMiUkFVX3lxTE5ucUdLWFNpemtFaGFUWVlEOXI4VFhtaGVUYm1nLWM1aU9OaGdvdVI2MGtxdm9tUFJIYk5KcGZyS1Z5aXMxaEFsS2FseGZLME1oTHc?oc=5,,4520.0,0.0,0.5,neutral,0.0,unknown,nan
2025-11-11,【速報】 ソニーＧ、自社株買いの実施を発表 - かぶたん,https://news.google.com/rss/articles/CBMiYkFVX3lxTE16RmJhWHo5LUtzdWtBME9HWFBROUN6VWdXQXdWRGIwNm9HVm93QjVxQks1S1BkN016dkVNRVdraFRKZkhmdnZ0eGNzajE1NjdhS19MS0NkdnhTMmR5UDlRYktR?oc=5,,4520.0,0.0,0.5,neutral,0.0,unknown,nan
2025-11-11,ソニーグループ【6758】、今期最終を8％上方修正 | 決算速報 - 株探ニュース - かぶたん,https://news.google.com/rss/articles/CBMiU0FVX3lxTE9NUURWRTBiLVQycnZyQlhTZTRwdHpveUZLbkZGUjRjWlZESi1mSnY5ejFPeUVfY3liY0RodUc1WEJiT0pXbWtZOXdHck5GaDA4QlVr?oc=5,,4520.0,0.0,0.5,neutral,0.0,unknown,nan
2025-11-11,"【決算速報】ソニーＧ、中間税引前798,362百万。アナリスト予想を上回る(アイフィス株予報) - Yahoo!ファイナンス",https://news.google.com/rss/articles/CBMihwFBVV95cUxOLVFZTUpCRkg5RXppYWFnOTdFUm43bmdscTB1WnZTSWR1QmtTN1lwZFNtOFBJbVlJWmthajZXVVlVMDRyZ1FYOTRkbUY0Y2VMbjhyTzU3S3NRRWtjbmpiM1l0UEpEUnhTUUtTT3pWU0dxdlpFZXdITUpRNXdYbFRGcm91MU13SWM?oc=5,,4520.0,0.0,0.5,neutral,0.0,unknown,nan
2025-11-11,ソニーＧ、自社株買いの実施を発表(株探ニュース) - Yahoo!ファイナンス,https://news.google.com/rss/articles/CBMihwFBVV95cUxOV3JBOEVzR3Y4N0RkTktLVGh2S3dNY2pZa3ZiUG9TOXhCZjJOQTR3WHBzWTlPUEdhcnlPT1B2bGs1VlJsNTNqNVhudFVaR0dYOUN3Mk5SQU10V0JfdzVBcTM3QkxjY25wLUNYRU5nb2JIVjRGeENhdnZyREFBTjNvQlIzNzRXdWM?oc=5,,4520.0,0.0,0.5,neutral,0.0,unknown,nan
2025-11-11,ソニーG、今期営業利益を1兆4300億円に上方修正－鬼滅と国宝が貢献（Bloomberg） - Yahoo!ニュース,https://news.google.com/rss/articles/CBMif0FVX3lxTE0xMWxTN2ozb3RZLUh1MzJLU3FqNWQwRmEyLVFoY0xLMnBrdHk4ckQzeU1EYWlkTTBob2tSeUtpZlVYcXVJUEFyajY3cWE3SXlfNkZxcWZIQVVaaEszVHVwWVYxVjV0TnZSYjBmd2FseTBQNExHSV9pd0w3VVZadk0?oc=5,,4520.0,0.0,0.5,neutral,0.0,unknown,nan
2025-11-11,決算:ソニーG純利益1兆500億円に上振れ 26年3月期、「鬼滅の刃」好調 - 日本経済新聞,https://news.google.com/rss/articles/CBMibEFVX3lxTE5yRE1SVXFnSDJIMkxCLUFKdnRwSmJFUUh0dW9ZZUl2VzFKX29Nb0hPejdtQWRwWXV2b20zY0F2UVZMeC15Zy1rWnlaUlUzaVRVWXNYM184eVN4MFg0dUFGeGk5R1JEaFBtU1R1Zg?oc=5,,4520.0,0.0,0.5,neutral,0.0,unknown,nan
2025-11-11,ソニーグループ、第2四半期のゲーム事業は営業益13％減の1204億円…PS5本体やゲームソフト、PSネットワーク拡大も『Destiny 2』の減損など響く - gamebiz【ゲームビズ】,https://news.google.com/rss/articles/CBMiREFVX3lxTE9WU0pfWGlxWl9PSkw4dksyY3doVEtOaHRSb0o2NjVFYlNuNzV3VjBrVkd5SHRIZ3dKZ3QxSFd1UUllWGE5?oc=5,,4520.0,0.0,0.5,neutral,0.0,unknown,nan
2025-11-11,ソニーＧ、発行済み株式の0.59％・1000億円を上限に自社株取得枠を設定（ロイター） - ｄメニューニュース,https://news.google.com/rss/articles/CBMiggFBVV95cUxPcEhlLWx4VFBJTVJnZTltZVU0Y1pqVWIzc28tRzVtRDFHY1lWZzdYdTdoVUs1NENuZUtzWjM1RUxwVURFRG0xUEItOHQ1RFU0MHNrVTlHT25aWnRTM2VzYUplUEdUV2FpeGxoVFRsQXRRaFAzQjFMcVBKNVpZOXEwZ0NR?oc=5,,4520.0,0.0,0.5,neutral,0.0,unknown,nan
2025-11-11,ソニーＧ、発行済み株式の0.59％・1000億円を上限に自社株取得枠を設定（ロイター） - Yahoo!ニュース,https://news.google.com/rss/articles/CBMif0FVX3lxTE05M2VjSGs4WnBmY1BJZ011THZOcEpHUnptWnNhM0tJZnVjdnY0cWFWYXJDRmozNmdMdVQyak5mZFF2ZmhpakZWODBlUnJ6ZVNaUkxSMk8zRlhiM0tpNUt1MWRIUFZBdGRYUWNUVWdKb0lDZ0Z0eVVIWTY5U2hjTzg?oc=5,,4520.0,0.0,0.5,neutral,0.0,unknown,nan
2025-11-11,ソニーＧ、発行済み株式の0.59％・1000億円を上限に自社株取得枠を設定 - ニューズウィーク日本版 オフィシャルサイト,https://news.google.com/rss/articles/CBMidEFVX3lxTE0yUjczUU0tcU44ZVlzdVZadVFCLVZPbnRpc2s4QXFoNkZNdWhIQW9XWktsMUlWWEp2VmVxbnN0NWxidWI5UTBEZEI1M05PeV9yMFdlMkRfTWEzbUdhNFkwSU1GSkFWV3Z2NVVDSG9MbmRJdEhf?oc=5,,4520.0,0.0,0.5,neutral,0.0,unknown,nan
2025-11-11,ソニーＧ、発行済み株式の0.59％・1000億円を上限に自社株取得枠を設定 - Reuters,https://news.google.com/rss/articles/CBMijAFBVV95cUxNYTAwMm44Y3RCb180Skp6b2ZtYmN4ZW95SS1KTVI1clVEQTB5TW1Ld3c2QzRzczhpUnMwWXBxbmFIV28xcjZyeXE5WGNYaXd2d1ViYWZKd3BjWEkxTFRuRGNDc3NGWVkyVWJyQUJlLXAxQk1ZbTN2d0hDWjdGTzRuSFFiak80Q0tJNWRXOA?oc=5,,4520.0,0.0,0.5,neutral,0.0,unknown,nan
2025-11-11,ソニー、純利益１３％増 ゲームや半導体が好調 - 東京新聞デジタル,https://news.google.com/rss/articles/CBMiU0FVX3lxTE1JUUdPRV80RHZOQmpOOEhNS1JLSGxxaFFZWHRNa0RMa29ENnpMdTRhdHlkTUstR0FheFhMOVQySmlESmNvM25yMWY1cXRqdWJYY0Vn?oc=5,,4520.0,0.0,0.5,neutral,0.0,unknown,nan
2025-11-11,日経平均は２５０円程度高、プラス寄与度はソフバンＧ、ソニーＧ、東エレクなど 速報 - kabushiki.jp,https://news.google.com/rss/articles/CBMiR0FVX3lxTFBwUHNwUFV6QVlEWmVWOThxYWRjZkdMS2NLZnV1dTRjejFHb0ZiMzNuOUZGdXBpbzY4cG1jRlpab2NRU0RMY0dn?oc=5,,4520.0,0.0,0.5,neutral,0.0,unknown,nan
2025-11-11,ソニーG－後場買い気配 通期営業益を上方修正 上期は20％増〔DZH 個別株情報〕(時事通信) - Yahoo!ファイナンス,https://news.google.com/rss/articles/CBMihwFBVV95cUxPSWZCN3U0Y3VseXVXU3lwdlFTNVpyOEJXaXB4cTVLTXBsLTRZRVNWMDVIUlhCZW54VU1zekplbXh6eVdGV3NKVmlUSk95NDNSQWVkR1ZZY3E4bDVSeG90ejVrZ3M2ZEFSVkFtTnlmTEE4Q2dqMktXNURrRGwyQ2dfaU53QnlxWlE?oc=5,,4520.0,0.0,0.5,neutral,0.0,unknown,nan
2025-11-11,ソニーグループ９月決算は増収増益…半導体や音楽事業が好調、業績予想を上方修正 - 読売新聞オンライン,https://news.google.com/rss/articles/CBMiZEFVX3lxTE5rdkwxQU9UVmxpVi0zY2Rqdk1KcVluSnprUUg0aXBTSkdZMmJra0RFR2hpNEl6SS12VzVQTHB2bkxiWEI5M3V1dEV2SnEwTGhsbTEwVF85bEdyTWw0ZGY0RzlERXU?oc=5,,4520.0,0.0,0.5,neutral,0.0,unknown,nan
2025-11-11,ソニーG 3月期営業益を上方修正 - Yahoo!ニュース,https://news.google.com/rss/articles/CBMiUEFVX3lxTE1DcFZjdGFyMmtHQTNKdmJtSEVuLTBwbVV1ZnE0RVcwTXZKZmtYdjVtbFlodWVhRHVOZ05kSE1PcmFjLXNESVRHUWJzQnFVamR0?oc=5,,4520.0,0.0,0.5,neutral,0.0,unknown,nan
2025-11-11,ソニーＧ、営業益過去最高へ＝関税影響減、「鬼滅」効果も―２６年３月期 - ニフティニュース,https://news.google.com/rss/articles/CBMiXEFVX3lxTFBkODZ2U1JvbF9FaDdSa3ZQa25jUngyYnV5b20xWVhnY0N5blJtdEFzS2dhUzkwbjlLYzA2dG9QcFVhYzAzTHhXSTNhOFo0LWp2RVgwTnAyak9oU1Fa?oc=5,,4520.0,0.0,0.5,neutral,0.0,unknown,nan
2025-11-11,ソニー、日本限定で大幅値下げPS5を発表か 5万円の新型デジタル版が登場のうわさ（多根清史） - エキスパート - Yahoo!ニュース,https://news.google.com/rss/articles/CBMiiAFBVV95cUxPNlB5ZlhfNUVGZkM4TDJ4U3ZEZ0thbVpaUmt3X2xsc29EdW1lQVhLT0F1anB5NUVDNmNuc2JySlM1ZTNNZm9ZNktSeVZmamxsQkpDelhLNGhOdUlSN3RWb204SWx3WlUyR0tYV1R2a1I4bjFIM0hHVlhDQUFOUHZwMHE1SGJ5dXQw?oc=5,,4520.0,0.0,0.5,neutral,0.0,unknown,nan
2025-11-11,ソニーグループ、発行済株式総数の0.59％に当たる3500万株、1000億円を上限とした自社株買いを実施 - gamebiz【ゲームビズ】,https://news.google.com/rss/articles/CBMiREFVX3lxTE1IX1BfZjUwUE5LYlhSQVdQM0xObXVCOHhJQXF6MklBTjBaSlVvR0ZCSVJmU1FiSHhmU2JCLWdpclBwd0JP?oc=5,,4520.0,0.0,0.5,neutral,0.0,unknown,nan
2025-11-11,【株式】ソニーグループが後場に入って急騰 2Q決算の大幅増益や自社株買いの発表が材料に - gamebiz【ゲームビズ】,https://news.google.com/rss/articles/CBMiREFVX3lxTE9RS2hDaDBJdkJhOTdraXlDUURZQXRIeXBMZnQyWl9YRmQ2UTYxc2dZRzBZdHdHZjRZM0kwb3M1VU94ZGw4?oc=5,,4520.0,0.0,0.5,neutral,0.0,unknown,nan
2025-11-11,【株式】ソニーグループが後場に入って急騰 2Q決算の大幅増益や自社株買いの発表が材料に(gamebiz) - Yahoo!ファイナンス,https://news.google.com/rss/articles/CBMihwFBVV95cUxPSGY5V2hNYXhaWnNGcUg4VHhaQUdzSldTbFpWVmN4STNZTjItQWRQMGZTNDVFWGhveDZrc1ZjdGJya3FDTU1qQmxRRWwxcTVDVFVSdURCSDhWZHBDUnNrTHotY3dKQ0p0UGQ2Q0xHRUstZUxDc1NXQVcyWHA0cWhHN1RIbUpoMHc?oc=5,,4520.0,0.0,0.5,neutral,0.0,unknown,nan
2025-11-11,ソニーグループ、第2四半期の音楽分野のゲーム関連売上は32％増の392億円と大幅増…『FGO』10周年イベントが好評 - gamebiz【ゲームビズ】,https://news.google.com/rss/articles/CBMiREFVX3lxTE9EN0V4S2xfaGJ3anpUMkJkSUdkajNRTllvU1BsNkNTdXpyWGtEWi10REN5NjZLR3VXVzg2S2lsbEJDdkpS?oc=5,,4520.0,0.0,0.5,neutral,0.0,unknown,nan
2025-11-11,【決算速報】ソニー、売上高は予想を下回り、利益は予想を上回る結果に 執筆 - Investing.com - FX | 株式市場 | ファイナンス | 金融ニュース,https://news.google.com/rss/articles/CBMiZEFVX3lxTE93X1ZHbTNtSzdMMmgwS2tsZ2k3TU1ESjBleV9wLWtyd0prMzVtZHZ0aTJ2elZ6dzFDa0FEcmVVbFZzdHJkM3hwckdHQ1RQQ2tTTzFFTnp1amJmWXRhNzFWODhtR1M?oc=5,,4520.0,0.0,0.5,neutral,0.0,unknown,nan
2025-11-11,ソニーグループ3社が結集！「イノベーション創出から事業拡大」までを徹底解説、実践ノウハウを具体的な事例とともに提供する無料セミナー開催 - PR TIMES,https://news.google.com/rss/articles/CBMiakFVX3lxTE4wbVV5M0Y4MWJXX1BiYWVtM1B4aS1lMGhMdTRDTUJlNDdVUnYtM2NLS0Q5cll5SzhHZmZqTzV4anptNGJGUmVMOUF6aFAxSE9Kc3Q5RDA5R3g0NGptN1RVUkphay1HODV1eGc?oc=5,,4520.0,0.0,0.5,neutral,0.0,unknown,nan
2025-11-11,ソニーG、『鬼滅』映画好調で音楽事業「942億円増収」 通期見通しを1兆9800億円に上方修正（オタク総研） - Yahoo!ニュース,https://news.google.com/rss/articles/CBMif0FVX3lxTE1wQkx4Z2lmSVFkN2VsRWRIUTNObUo5T3FFZ3FKUGw0aTVzTU5TdGtLbEZQdWdKZFQwTmFVY0JrWlJhSzVJZGU4SDJ2VlpFV1paVjV3aVhNdnhMajBjd19xM3ItRUpjT1dOLWJTc1VVNGozMWpXWHZGUzhTdGg5ZFE?oc=5,,4520.0,0.0,0.5,neutral,0.0,unknown,nan
2025-11-11,【注目】 話題株ピックアップ【夕刊】（2）：おきなわＦＧ、ソニーＧ、日製鋼 - かぶたん,https://news.google.com/rss/articles/CBMiYEFVX3lxTE9oakFkWnNYREFidWRKajlCZm5DTnlhRDZkMWp3MDFkWGFnVVR5R0V5bGstZ0ljU01TQk5YOWo0cFl3cW56dHhlOW4yb3ZudDVQMDVJcnlDLWZHRy11emNCMA?oc=5,,4520.0,0.0,0.5,neutral,0.0,unknown,nan
2025-11-11,話題株ピックアップ【夕刊】（2）：おきなわＦＧ、ソニーＧ、日製鋼(株探ニュース) - Yahoo!ファイナンス,https://news.google.com/rss/articles/CBMihwFBVV95cUxPSGZnZzBieVBZNVhvLVRSeGtpcEROR3ZoSkdJdHNOdnk1NFN3bWFQSGpiZURVaDE3bVJoWUFBSi1ieFJXUS0zbmZ6dm9FdEtiWXdXOTRleXNrR2R2dDFvM1RWM0x6N20wOXIxNTVoc0NKY0ZDOW5hUTM1MFhZdDBQS0xjbTBEM0k?oc=5,,4520.0,0.0,0.5,neutral,0.0,unknown,nan
2025-11-11,ソニーG、エンタメ｢全集中｣支えるゲーム内課金 最高益を上方修正 - 日本経済新聞,https://news.google.com/rss/articles/CBMibEFVX3lxTE5yamxBeDQ1VlViWWZRbzBJRzhvY1EwRFhfYmFtRjV3dmVmdUlOQnFOcmVaYVNkSmN1RGMwWVRmc3JpUVBGX2k0aWN1WTg2LWpQMU5pVm1SYm5zN2p2ODhsV01Xczl4d3VBUkVfUQ?oc=5,,4520.0,0.0,0.5,neutral,0.0,unknown,nan
2025-11-11,ソニーグループ、「PS5」後継機について「コメントできる段階ではない」 「PS4」はいまも高稼働 ハードの長寿命化を意識して現行機の拡販に注力 - gamebiz【ゲームビズ】,https://news.google.com/rss/articles/CBMiREFVX3lxTE5lUFFYUjU5SzNjMzBvVDVndHJITDRDYVNjcHpYT3Y5RGdpekd0a0t3dkxlOVZSZjNsRGlkVklCSTNJQ2F1?oc=5,,4520.0,0.0,0.5,neutral,0.0,unknown,nan
2025-11-11,ソニーグループ業績説明会にてPS5の後継機に関する質疑応答が実施 ライフサイクル伸長によりまだまだPS5が現役で活躍か - GAME Watch,https://news.google.com/rss/articles/CBMiZkFVX3lxTFBaMmd5VnhHbld3cFQxNng3d1dodGhnTW5IUlBIbEJtT0JCYm44aVNnb2VBVHlxVHFLbkl1TENOOWJEVmZrNy1xakVPY3VhOERqYmE1b3J3ZzgzZHVPTXk1MkxSUVdoZw?oc=5,,4520.0,0.0,0.5,neutral,0.0,unknown,nan
2025-11-11,ソニーG、第2四半期の音楽分野は売上高21％増の5423億円、営業益27％増の1153億円と最高業績 ストリーミング収入と劇場版「鬼滅の刃」貢献 - gamebiz【ゲームビズ】,https://news.google.com/rss/articles/CBMiREFVX3lxTE5DcFRaOEI0QmYxX0h4dlFCY2RURnMtcUtBQ0kzaS1DQUhYRlRBWjhoamNqR01GU0JZTC1uOEVtMXlvalp6?oc=5,,4520.0,0.0,0.5,neutral,0.0,unknown,nan
2025-11-11,ソニーグループ、『Ghost of Yōtei』グローバル販売は330万本突破と明かす 前作に続くヒットタイトルに - gamebiz【ゲームビズ】,https://news.google.com/rss/articles/CBMiREFVX3lxTFB4MUpvVl96VXB2UERnY0c4WVluLVhadXdyM3lqQjRsNV9rTkZ2NkNFZjhVUXVWVm1KbzJnMWVqeldCa2Q0?oc=5,,4520.0,0.0,0.5,neutral,0.0,unknown,nan
2025-11-11,ソニーＧ、今期2度目の上方修正 米関税影響は500億円に縮小 - Reuters,https://news.google.com/rss/articles/CBMiiwFBVV95cUxQQXdpQ3VmXzg5WHBBTXVQU2REQzNSaW95WkV0YV9UTzZ0MzlBTTROZmpub0p5TFBOa2FfdXRjcFBJT2ViQTQ4cXZNdmhyMklxUUZvNkQtUU9qNloyWWZEQ05tOVRLZlpDZzZ6bG5zeWhKRWNRM29aQjFTdndsX0ltc0FoY0dwakdxdlh3?oc=5,,4520.0,0.0,0.5,neutral,0.0,unknown,nan
2025-11-11,ソニー半導体、過去最高更新で見通しを上方修正 スマホ向け好調：「上積みの可能性も見極める」（1/2 ページ） - EE Times Japan,https://news.google.com/rss/articles/CBMib0FVX3lxTE9SRHRCNkhiM3Y4akp6ZDQyLWxQLW9US0NocDVEN0FJNDNIVHV6dHU4MFlhbUwxb2NwNEtaUXRMQXFIWU1KZFhFb204UGJ1dVFfQl9RRzk2YUk2ekF2LUZJRHdEV2tqUFFKa2oyQzdaNA?oc=5,,4520.0,0.0,0.5,neutral,0.0,unknown,nan
2025-11-11,ソニーグループ、「クランチロール」は映画分野の成長ドライバーと位置づけ…劇場版「鬼滅の刃」の海外配給を担当、マンガサービスも好評 - gamebiz【ゲームビズ】,https://news.google.com/rss/articles/CBMiREFVX3lxTFBKaS1QcEMyOHRuLVc3VHE2ZVVNa0l6VDF6UTFPSG4yc0FHRUh2VnM5N3FpQlRuU2tJVzdpbTE4S1ZwNlJZ?oc=5,,4520.0,0.0,0.5,neutral,0.0,unknown,nan
2025-11-11,「鬼滅の刃」と「国宝」がヒット、利益予想を上方修正 ソニーG決算 [「国宝」現象 映画「国宝」] - 朝日新聞,https://news.google.com/rss/articles/CBMiZ0FVX3lxTFAxRVk5UTNjaFpzN2F5VTRpUW01eDZHYU5Dalc1dWNGbE9JaTRENTNPREZMZlQwaFI3czhDMmJ6cENRTEVhbzRhNFRMUmIta3JlLUhoTVJVc0ZVU3BVWV9Wb29Hbm9uS00?oc=5,,4520.0,0.0,0.5,neutral,0.0,unknown,nan
2025-11-11,ソニーが業績を上方修正 「鬼滅の刃」や「国宝」エンタメ事業が好調 - au Webポータル,https://news.google.com/rss/articles/CBMie0FVX3lxTFBSc2V2MThHWWczRjdMVHpEblR2LVkycVg4VHBfV1g5WThNcUhydXEwN2h6MGVuMDV0YkI0U1VEQlZZYVVUaVZPVXUzSW01TnpFY1liV2VGM0g4bUx1TWZoSGpJb0RRbTBxQkRaSXpVMW01VWU4MkpkY0NxTQ?oc=5,,4520.0,0.0,0.5,neutral,0.0,unknown,nan
2025-11-11,ソニーＧ、営業益過去最高へ 関税影響減、「鬼滅」効果も―２６年３月期 - 時事ドットコム,https://news.google.com/rss/articles/CBMiY0FVX3lxTFB2SnhqOW53UW42T1VUcHlLSlMwNlcyUmN4MDVlNTlNNDRjdnhCUU9JRnZRTUpvYnpVUktMcVpMdGlpbXFLb2pmTm5uTmo0T2tpMkt1LXdUcjlGUnlDZTM2ajFlOA?oc=5,,4520.0,0.0,0.5,neutral,0.0,unknown,nan
2025-11-11,ゼネコン鹿島＆大成、ソニーGが好決算/金を売却したときの税金は？/日経平均反落【今日の注目株＆日本株市場見通し】「デイリーZAi」11月11日号 - ダイヤモンド・オンライン,https://news.google.com/rss/articles/CBMiU0FVX3lxTFA1RmJGNTdEM1hQeUxXNE9lRFlWTm9YeE1nMzdDZHdxbVFjSkNqN3h2LWNsRTUwSEVoWmE4Q2w0ejFtUFlvMHgxOVRjNkNhZmstRExR?oc=5,,4520.0,0.0,0.5,neutral,0.0,unknown,nan
2025-11-11,ソニー、金融分離でエンタメシフト加速 両社成長〝第2の創業〟なるか - 産経ニュース,https://news.google.com/rss/articles/CBMidkFVX3lxTE9LUFItR1J0aDZLVHQ1YUVsNXhIWHN2bzl2SVU1WTVPVFZWVzZHaEpheTBGd29GQjB1bDUzajk2Qkt3STVaY3VIX1hGam1OZGhOMWZ5bGM0VFp6cGFYd2EwNnoyNnhRQnRzUjcxNUtCdHNqSTJLZHc?oc=5,,4520.0,0.0,0.5,neutral,0.0,unknown,nan
2025-11-11,〔決算〕ソニーG、26年3月期営業益過去最高へ（時事通信） - Yahoo!ニュース,https://news.google.com/rss/articles/CBMif0FVX3lxTE1oeW54dXZCaEhDRWtJMFhyWEIwN3ktdmpWR0ZZTXhOcWRmdF96QVRDdEJDVDFRMXl2Y296cm9OTk1JV0U5ZExNVFZLTDh6MzVuT2NhTWx0U28wd3UxMzR6RFh4QnppU2FxMHcwR1pQVGlkZWVtcTF1d2RQckNxc2s?oc=5,,4520.0,0.0,0.5,neutral,0.0,unknown,nan
2025-11-11,ソニーＧ、映画「鬼滅の刃」大ヒットなどで過去最高の営業利益見込む…２６年３月期・１兆４３００億円に修正 - 読売新聞オンライン,https://news.google.com/rss/articles/CBMiZEFVX3lxTE9LTDdMa1dBMDR2Wi1hcmZSRVJ0a3c1MUtsNWJqWVlDeGRGLVNSV0Q1WmlZNzFaaWExQVZXcXFiWXdLb3BXYWV5X0dKcHBkVFlRTHhpdjQzUWtQeTZiYW9xUzB5VkU?oc=5,,4520.0,0.0,0.5,neutral,0.0,unknown,nan
2025-11-11,【ソニー決算】PS5の累計販売台数は8410万台以上。『ゴースト・オブ・ヨウテイ』は330万本を発売1ヵ月で売り上げていた - ファミ通,https://news.google.com/rss/articles/CBMiV0FVX3lxTE9aVFVweUVVNUx2al9EWkxCMTZCUGlzenpBbFZjWUxjeTFON1lqX1dRdFNDT05VWW1KZDVROFpqQW5Nd3JDY0xaUXRsSzVzWlBDTVNBemk0RQ?oc=5,,4520.0,0.0,0.5,neutral,0.0,unknown,nan
2025-11-11,「鬼滅の刃」と「国宝」がヒット、利益予想を上方修正 ソニーG決算 - Yahoo!ニュース,https://news.google.com/rss/articles/CBMiUEFVX3lxTE5QMzczN215YnBmcW1mcjlHVV9FMVJ0VHdSdVI2Q2hqV3ZUcHNaM196cTU0YVlJS0lNeTNUUUJlbnc2bkg4eWk4Z1NjeTRXQmRR?oc=5,,4520.0,0.0,0.5,neutral,0.0,unknown,nan
2025-11-11,ソニーグループ今年度の営業利益見通し上方修正 映画「鬼滅」「国宝」ヒットが追い風 - テレ朝NEWS,https://news.google.com/rss/articles/CBMickFVX3lxTE5qb21ybmpaZl9STHN6ejF2eThaUkowdExaLVZ1WTVFVGE4MGEyaXgtNEk1VzhXaE1fTGtyQnBTSUI1M2Jucl85SW5zQVRtY0h5SHpoeFlfNFlBZEYxVVhwaXF4QldlMTlodHFWU3p4NjhhQQ?oc=5,,4520.0,0.0,0.5,neutral,0.0,unknown,nan
2025-11-11,ソニーが業績を上方修正 「鬼滅の刃」や「国宝」エンタメ事業が好調 - ニフティニュース,https://news.google.com/rss/articles/CBMiW0FVX3lxTE95RFpYbW1WSC1kbkttdzlYUmRMOS1ONTAwUGVpSFM4dnRPbWxvaWFVZjNmOERVcHJPUkJJbHVYVTNFUmZLaWtlNVJCaUtKM2ZrY2NoLU1jeWZTYWc?oc=5,,4520.0,0.0,0.5,neutral,0.0,unknown,nan
2025-11-11,鬼滅の刃などヒットで ソニーG 営業利益“過去最高” - テレ東BIZ,https://news.google.com/rss/articles/CBMiX0FVX3lxTE5nQkR3UTZMVDdNZi1vV3dfRmk5NXdoc1JqZkNmV3JHU3piM0p6VUtmRC04b2p5aEIzVzlLa0NMXzRTS3FadnNPWVlTZ1N4bXUyWXN6WWc4YXFLVFFKZTk0?oc=5,,4520.0,0.0,0.5,neutral,0.0,unknown,nan
2025-11-11,Bungie新作『Marathon』は“2026年3月末までに発売できれば”ソニーグループCFOが決算説明会にてコメント（Game*Spark） - ｄメニューニュース,https://news.google.com/rss/articles/CBMifEFVX3lxTFBnVURFVHNvQU0xc2s2VlN3aWd2UFktWUptWWFKbXhVUmN3ZjdxZkpacWJDNUg4ZGhFQTBiWXVwQjZwWjItMTBPM1pLdUo1QlUtd0VYWFlyek0xdU1DZWpCVEE3X1FXMmNNbG14WVlVSlp3cXY5MktDV0x1YUQ?oc=5,,4520.0,0.0,0.5,neutral,0.0,unknown,nan
2025-11-11,Bungie新作『Marathon』は“2026年3月末までに発売できれば”ソニーグループCFOが決算説明会にてコメント（Game Spark） - Yahoo!ニュース,https://news.google.com/rss/articles/CBMif0FVX3lxTE1vSnNxN01zbmt6OTlkT2xLNG5EdExIMGtkZ05xWGdUeUo5UFlWM2tDY25FcnJqaE1Wbk54N3VJclhLQ2tocElYRDFiLVJYTkswNjBNZWpuSmJ4X3pwNWtnNWhVVUt5MDNkWUo3dTZzc0V4cWI3VTktWEFGMmFVYTQ?oc=5,,4520.0,0.0,0.5,neutral,0.0,unknown,nan
2025-11-12,〈ビジネスTODAY〉ソニーG「ゲーム内課金」軸 今期営業最高益予想上振れ コンテンツで稼ぐ前面 - 日本経済新聞,https://news.google.com/rss/articles/CBMibEFVX3lxTE55RzZmaGE2QmNKQTRZOHBldkpnV29fM1h5Z0p2T2RBdzR5Zzd4czJiX1NPUEc3eDVjcnhjeWhLby1ERlJQQzZEaExXLXhlWFZYZWpmVDlSanBuaG1JdjV3Q1FzVkJSZmZoTmFmeQ?oc=5,,4686.0,0.0,0.5,neutral,0.0,unknown,nan
2025-11-12,「鬼滅の刃」と「国宝」がヒット、利益予想を上方修正 ソニーG決算 - ｄメニューニュース,https://news.google.com/rss/articles/CBMijgFBVV95cUxNSV9aajRKNjY0bkgwZDQ2MzRTZEp4WXdjc3YyOGJKYkhRODByNFZ4amFzcFNNbTdGQ0VrbDFScF9SWk5sV3U4SF9oaGstUWI1a3pRYlJtMXMxNmdGa3I0NEtWN2l1SExXX0ppLW83dV9BcnRjWFpEYTN4eVp6RHowZFJBMURsa1dNYjcxLXp3?oc=5,,4686.0,0.0,0.5,neutral,0.0,unknown,nan
2025-11-12,ソニー半導体工場で見えた生産改革の全貌。歩留まり問題に直面した長崎工場､危機脱出までの道のり - 東洋経済オンライン,https://news.google.com/rss/articles/CBMiUkFVX3lxTE5QSzZZQzF6T1RQMWNMVjBSeDJGQk5oODdqSnR3eVNmWV8zZ1ByNlFFeGtPcUh0dTE1UFBKaXdsbFIwaTgySnpzNXFZQXZzR0lXdGc?oc=5,,4686.0,0.0,0.5,neutral,0.0,unknown,nan
2025-11-12,〈ビジネスTODAY〉ソニーG「ゲーム内課金」軸 今期営業最高益予想上振れ コンテンツで稼ぐ前面 - 日本経済新聞,https://news.google.com/rss/articles/CBMiqAFBVV95cUxOOGJKbzJPRFpyMkF6LUJ5Z0N3NV81QXM1WDc5cERLUkkyWnRiQUFHOVZNWkRFU2dnQU5fd3dCM1JSLV9jZ3J3aTNyZXpWZTdlRUNCZTZEU0FRTlJ5RGxZZDJZdGtoQlZkYmVDOXk0MlZ4NjRZLWVfZHFsUTByTExhN05jM191MnJ6YS03SHI3Q1RkQUlOTm9HZVR3ZnNrMDdqVFlyaVU4OXo?oc=5,,4686.0,0.0,0.5,neutral,0.0,unknown,nan
2025-11-12,ソニーグループは2025年度第2四半期も過去最高業績、イメージセンサーが絶好調：製造マネジメントニュース - MONOist,https://news.google.com/rss/articles/CBMib0FVX3lxTE5aa2E3VkhOaU5mRldYSUY0VE02OHpRWnAyYTlSLWlOYlFlb3ZMWnExWVBPUGxhOHVwU0tDYmdhRzQ3alhfUEotRUd5bFhEMVEwUnA1VG93Vnc0WjBNVDlLVEpLaWNmMkZyMzNFazVNUQ?oc=5,,4686.0,0.0,0.5,neutral,0.0,unknown,nan
2025-11-12,ソニーグループ 営業利益見通しを上方修正 - au Webポータル,https://news.google.com/rss/articles/CBMie0FVX3lxTE02N195WmtraURmSHZ4cl9FYi01cTBvdE1sYmxiMFo0TzlkYld6eHFzb19aQ3BlbWNodF9FUHFEekpRdGl4ZzN1ZUpPVlJ1MHVROG1Hb3ZUYkVGQ0RfYkp1MWlCcjNuUVZjRDl4U2dndU9fZ0hpcmNNdVNkcw?oc=5,,4686.0,0.0,0.5,neutral,0.0,unknown,nan
2025-11-12,ソニーG、PS5の日本語専用モデルを11月21日発売－価格は5万5000円 - Bloomberg.co.jp,https://news.google.com/rss/articles/CBMidkFVX3lxTFAwd3NJUUJnalpCU3FRenJBRDNmY0hsb1E4Tk56bDAtN2I3TEhGVUpnbUtXQjBCcExMQ2ZOeDN3NWRXTlZ1RG82UG9PSm01MEc1Ml9YX2tCMXpCYzV0VGF5REZWSm9BU2VBOG4xZWtDMllkM2wyZFE?oc=5,,4686.0,0.0,0.5,neutral,0.0,unknown,nan
2025-11-12,ソニーグループ 営業利益見通し 上方修正（ABEMA TIMES） - ｄメニューニュース,https://news.google.com/rss/articles/CBMiggFBVV95cUxOY0FNS21uZV9uN0ZHUGF0OUw4bm5kckZIcGozdllKNnFQZ0Nwck8wQnhNLVdCTlRaenYtdDBmUmhaeWl6SGNGOUVGSGNZWFFwYkhqTGU5Y2dLcHJkckZJN3lBbFBxa2gxUVV5bmVPR2RnTnV0YmxOQ284QVM0eVFqQzlB?oc=5,,4686.0,0.0,0.5,neutral,0.0,unknown,nan
2025-11-12,ソニー、日本語専用PS5を発表。2万円近く安い「国内特化モデル」で市場拡大を狙う（NANA） - エキスパート - Yahoo!ニュース,https://news.google.com/rss/articles/CBMiiAFBVV95cUxOcG5OWUo2ckEtR2RRYXIzbC1pVzBTaDVaWU1RTy1Ha1N4RVJ0ekYxVGctYWk3cmJvUEY3akxYclh5RjJIQWYxZEFxVDFCSG5mVV9YZjVRbWR6cEtmSHExV2U0cHB4c09ZTGg2NkZqWlVMQ3pFQldBREE4NjN0UE1yN21lVDZubHVZ?oc=5,,4686.0,0.0,0.5,neutral,0.0,unknown,nan
2025-11-12,【おはようgamebiz(11/12)】ソニーG・ネクソン・タカラトミー・カバー決算、『ARC Raiders』400万本突破、ブシロード「ZERO RISE」発表 - gamebiz【ゲームビズ】,https://news.google.com/rss/articles/CBMiREFVX3lxTE5NOHktVWp6Y0R3Vk1ROEdoT3pLQXdEZDhCcks2Nm13YlBtRXpFbXZPNGxMZ2d3anVLOXRPQTVMWmViUm1E?oc=5,,4686.0,0.0,0.5,neutral,0.0,unknown,nan
2025-11-12,ソニーグループ (東証:6758) 5.2%上昇-業績見通し上方修正と自社株買い開始-何が変わったのか？ - simplywall.st,https://news.google.com/rss/articles/CBMiowFBVV95cUxQX05ka0dQUG9oZEIyUDBXTWFWNTllZXdsX2R2cUs3N1dfTS1hOWVKVmNOendNUDVRMHphb3JiTF9RLTF0LW1YNUlGN19tY3BvMzlxRnRaN0U1NU9kdV82d2ZtWHFyNWJrbkppcFNvR2d3M1hvSHpsaERtWWdyZWdHbzRiSFBROUxLcGdqMHBXY1RMNG50NlotNjBESTBvN0lYeFVR0gGoAUFVX3lxTE94a2VITjZkU1hfaVprUWZKSG9UcjF2YksyUmxVOU00M2ZBTW5pYVpUYVdpRXRlVW9XdkdHVUdRMmk4bFUyM1plendtM20xbUQ1a1RkMHVMcnZibWt3RmNMdzV5NzFPUEttWGo1RHlGVFhfWWlXN2g1WWFSSGlacXF5bFFpR2ZSNXpmTVJpVTA2eWdIRXgxX1hVWWkzMGRsU1JwajRJUldxOQ?oc=5,,4686.0,0.0,0.5,neutral,0.0,unknown,nan
2025-11-12,ソニーグループ門外不出のトレンドレポートが今年も発売！ 「Future Ancestor（未来の祖先）」を深掘りするトークイベント開催 - WIRED.jp,https://news.google.com/rss/articles/CBMiakFVX3lxTFBFUHZ2ckMzbklraGVaTlllcHZ4TnN6UUNmbEViNGQwaHQwdHE2MUNoMlB1VEJzQXFoY3dlSDZTQzRyV2Q2WWJTYVo5YzR2bUFTNDJob2l0Y2k3Q2dIam52cFplUFB4Z2pkdFE?oc=5,,4686.0,0.0,0.5,neutral,0.0,unknown,nan
2025-11-12,ソニーＧ、日本語専用「ＰＳ５」を21日発売 価格5万5000円 - Reuters,https://news.google.com/rss/articles/CBMijAFBVV95cUxPT1FmWW9SNnVDQ2U1cDdfVG1VV0pyXzBVbDM1SnJQalJtNzA0aTRaTkFrNlB4X0NUWlEwTy1RRzQ4UzA1VFluMFA0V0tYdW1OOW42TEpLSDlQSzVyRGNMWndQUFRDdUpSV0NqejlsOU5OWmRRLVRnaUxzazhPNWJXcWRmOC1qTEFDbVBFWg?oc=5,,4686.0,0.0,0.5,neutral,0.0,unknown,nan
2025-11-12,ソニーＧ、日本語専用「ＰＳ５」を21日発売 価格5万5000円（ロイター） - Yahoo!ニュース,https://news.google.com/rss/articles/CBMif0FVX3lxTE1nTUN0RnRPUXQ1ZUJzeHhpb2ZqU0EweFZ4VVplWEY3WjdOUm9rbU1iWjZMTGpnWWJWQjhKZ2NuTV90SHYwRUxoak9QWUpHX2NpYk5WdFBhSjNCQVp1Z1J2V0ZxOTFpRTFsdVU3Q1ZSNHNTNklZSHJfczVaWVQ0TjA?oc=5,,4686.0,0.0,0.5,neutral,0.0,unknown,nan
2025-11-12,【ゲームエンタメ株前場(11/12)】好決算＆自社株買いのソニーが続伸 ネクソンにも物色 減益決算のカバーがさえない【チャート掲載】 - gamebiz【ゲームビズ】,https://news.google.com/rss/articles/CBMiREFVX3lxTE1SV1BBSUw4OWh5b1pHV3luQ0xGZHh1WjUwWVpXeDY0VUpDY2k3YXZ4OE12SEFHNk1ZNWJHa0dkVFlMWGVJ?oc=5,,4686.0,0.0,0.5,neutral,0.0,unknown,nan
2025-11-12,PS5 デジタル・エディション 日本語専用（CFI-2200B01）を、ソニーストアで最大限安く購入する。ディスクドライブ（CFI-ZDD1J）も合わせるといくらになる？ - ソニーが基本的に好き。,https://news.google.com/rss/articles/CBMiTkFVX3lxTE5mdGRjX013dGZEQnZmaGZ0bnlqTGdrdmJhRnMwWkMtV2l5c3Z2Z0xEMHZMQWhvTGVEMnJPX1dKS3I4TWY3anROSDJhclhpUQ?oc=5,,4686.0,0.0,0.5,neutral,0.0,unknown,nan
2025-11-12,ソニー、27型PlayStationモニター VRR対応、2026年発売 - ASCII.jp,https://news.google.com/rss/articles/CBMiVEFVX3lxTFBNRUJ2dzNsVERmSVgxa05fNHdRak1tM3dfZlE3ai1jV0w1X1VNajZlZmxOei03em9vaTV5U1ZCVVFFcWJXdjM3YldJemgtSmU0aC00Tg?oc=5,,4686.0,0.0,0.5,neutral,0.0,unknown,nan
2025-11-12,ソニー、PlayStation純正モニター発表--「DualSense充電フック」付きで2026年発売へ - CNET Japan,https://news.google.com/rss/articles/CBMiUkFVX3lxTE5rc1g5aVhyLTVQZ2lYNUdzZVI4cXlqX3BDbjdOUFJPRnhuTG9kMjVfdW96c0hoVmcycXRtOEFmdjBsMWJGczFtNkItaHF0V2dQV3c?oc=5,,4686.0,0.0,0.5,neutral,0.0,unknown,nan
2025-11-12,PS5は「まだまだこれから」―ソニー決算でCFOが後継機についても答える - ｄメニューニュース,https://news.google.com/rss/articles/CBMiggFBVV95cUxQajB6Y24wUmpvUDRYQ1FSNXZOeWhUOGVBMDBEeHpnY0ZkcVRMcVp2VU4yLXhmQXhfXzl4QnFFX0ZYSllnQkMzVkY5SmwtQU9HQjJSdV8tZmozNXFvSGJUdk50QUkzVGdEazlxZVBZM1RUXzRRTlctRUFGb3ZTb0N0LUN30gGCAUFVX3lxTFBqMHpjbjBSam9QNFhDUVI1dk55aFQ4ZUEwMER4emdjRmRxVExxWnZVTjIteGZBeF9fOXhCcUVfRlhKWWdCQzNWRjlKbC1BT0dCMlJ1Xy1majM1cW9IYlR2TnRBSTNUZ0RrOXFlUFkzVFRfNFFOVy1FQUZvdlNvQ3QtQ3c?oc=5,,4686.0,0.0,0.5,neutral,0.0,unknown,nan
2025-11-12,PS5は「まだまだこれから」―ソニー決算でCFOが後継機についても答える（Game*Spark） - ｄメニューニュース,https://news.google.com/rss/articles/CBMihgFBVV95cUxNMldsQUgtY1VTb1JJNmZDdllKQmxjMi1xR0NoU1lrbV9ZMFJtS0R2cThBTzg0RWJjM3hpRUtKRjZiSHp6cW13blNMSWY5dzJPcl9EbjJRT0hvakI4d0EwLWlGdEMyS3YxOUFHcXVobGxsV0JJODN4YUhqZ19NXzZ5SWEwTUFMdw?oc=5,,4686.0,0.0,0.5,neutral,0.0,unknown,nan
2025-11-12,PS5は「まだまだこれから」―ソニー決算でCFOが後継機についても答える - Game*Spark,https://news.google.com/rss/articles/CBMiZkFVX3lxTE9GSDZfeHdXU0JJcWd1NGxQbUZ6WGJESHRJV0dJbXN2RUd2OVFZMF9JZjliUlBTNTRSeUFsQUMyWVh4MC1JNG1BWnlEU3V0VGllX3RRM3I5RFZBRmRuRTJRZnJteGNPUQ?oc=5,,4686.0,0.0,0.5,neutral,0.0,unknown,nan
2025-11-12,"【アナリスト評価】ソニーＧ、レーティング強気を継続、目標株価5,600円に引上げ（欧州系大手証券）(アイフィス株予報) - Yahoo!ファイナンス",https://news.google.com/rss/articles/CBMihwFBVV95cUxPV1kyX3RPaUpYS244UEVTMkE2VnpYV0Z2dmg3dFp1bzN3Y2F4X0dCaGN6UlF3cjdWeGJTWVRzTXI2OUtQb0Y0QlVseWlNSjMwZlBZdU0wVjNKdXBTNkVxeVNQRHpfT191MzVQTFBZa2FXNlpfUnlXVzVlUWlqSlNLckpuNDZmRjA?oc=5,,4686.0,0.0,0.5,neutral,0.0,unknown,nan
2025-11-12,ソニーG系、日本向けPS5の新モデル 現行機から1万7980円安く - 日本経済新聞,https://news.google.com/rss/articles/CBMiqAFBVV95cUxQM3lOV0VUODZMSy16TTlYMW9pUW1xTEgzOUtKOU1KQWxCMWdNT3Z4ZEEtMFo4eklrTDFaa09FbldfUUFuaWY4RzZjRzlRN0tIYmg1VVROLXZrSjdoQXp5V0Q1Um9EUlJxWHdiZHQ1aFZId0RTUHBEOTMxOHhqMzZ3WnFHLV8zRkRGalpOenNLUEw4UHg1Qm1BSHM1blBBaHgtOTBFOS1vQTQ?oc=5,,4686.0,0.0,0.5,neutral,0.0,unknown,nan
2025-11-12,ソニーG系、日本向けPS5の新モデル 現行機から1万7980円安く - 日本経済新聞,https://news.google.com/rss/articles/CBMibEFVX3lxTE1WeFlnTi0wV0sxWE5xcTIzVWY4SG9TUmhmZms5UE5YRzd4ZnZxQ0QzeWViY0tBZVRQZjVuUGRRQXNOa2E3Ti1xMF92QVhEcWJMSHJwYTcyS1U4cVdoRXI0NmN3NXV1aUptczhvRw?oc=5,,4686.0,0.0,0.5,neutral,0.0,unknown,nan
2025-11-12,"【アナリスト評価】ソニーＧ、レーティング強気を継続、目標株価5,000円に引上げ（米系大手証券）(アイフィス株予報) - Yahoo!ファイナンス",https://news.google.com/rss/articles/CBMihwFBVV95cUxNaWt4RUNROGFFSm5OUFVxUjBlWERhbWVKaGpsbzc4Wk9KMTdtbDc3cjE4ZE0tUHRoTWN0X2ZCRGJJaDlYTUJFcWczS2JwTEYxenUwT2ZvbXVEcjFEWWtNQXZNRDE2dk1nTkRWVjNycmlQQm1LS0hTVmxFS1ZnbTBGWjdEWUVGREU?oc=5,,4686.0,0.0,0.5,neutral,0.0,unknown,nan
2025-11-12,「鬼滅の刃」と「国宝」がヒット、利益予想を上方修正 ソニーG決算（朝日新聞） - Yahoo!ニュース,https://news.google.com/rss/articles/CBMif0FVX3lxTFBKZ0daSTZ0elVwQkZteGZiTVVXNC05UEN2YVM0eGUwbkZWQlVTUDFLQlVGSUhKbGRULVJydUdESm9UOUdjWnN0ZE96QmZnd0hHZk1CZXFUNzZsMG1VN2xoR09nR2lWOHYzM3l4TmhETFRnS1BMNzBvV1Noa0xzazQ?oc=5,,4686.0,0.0,0.5,neutral,0.0,unknown,nan
2025-11-12,【決算深読み】ソニーまた最高業績の理由、2Q決算でエンタメ好調が鮮明 - 通期営業益は1.4兆円へ - マイナビニュース,https://news.google.com/rss/articles/CBMiXEFVX3lxTFB1VlUyNFRiVDd1R290RUl6V0xUYU5lOHNHdFZYLTQyVnRYcUNxYWdKTFpLSThUYVpGdTR4MU1yVE9EVG1SQWY5V1VCZGw1ZjBqQ0VkN29OU1E1T3Z6?oc=5,,4686.0,0.0,0.5,neutral,0.0,unknown,nan
2025-11-12,ソニー、ミラーレスカメラ4機種のアップデートを公開。バッテリー表示やUSBストリーミングの不具合を修正 - pronews.com,https://news.google.com/rss/articles/CBMiYEFVX3lxTE44STR6NG9DTnVwVU1yQ2ZUdmtZVDA5M0draURzZFRTZkJpNFFyS3JzazRSRHRvMkNQd1NRVEpSV013OWRYVnduaXByQ0hsdW9xTElXcG9xTFdYMldJRWRxYQ?oc=5,,4686.0,0.0,0.5,neutral,0.0,unknown,nan
2025-11-12,ソニー、プレステ５実質値下げ 日本語専用で５万５０００円 - 時事ドットコム,https://news.google.com/rss/articles/CBMiY0FVX3lxTFBpelBReVNmSUt6VHFOaGVpaDNWbVB1bGt6dHNZSHJWamRrNkV6ZFZYWFNhTERUZUloOEJsb29Wa0ZjLVV3LXNBWGEwVXcxOWpUY1k1Y3pMV3VzWTBya3pvUVBPRQ?oc=5,,4686.0,0.0,0.5,neutral,0.0,unknown,nan
2025-11-12,ソニー、PS5日本語専用デジタルモデルを5万5000円で11月発売 - x.com,https://news.google.com/rss/articles/CBMiV0FVX3lxTFB2Xy12TGNmaG9hOUdaOG5qRWozN2R1emhwSkNVcngyT1NYeW1ad0gxdUU4MC1IS093QnlfUHphZWI0VVlPc25DRmFaMHpIUExYT0E1UnJhQQ?oc=5,,4686.0,0.0,0.5,neutral,0.0,unknown,nan
2025-11-12,ソニー、PlayStation 5の「日本語専用モデル」を5万5000円で発売 海外使用NGの代わりに安価 - CNET Japan,https://news.google.com/rss/articles/CBMiUkFVX3lxTE9Uc3p1NTZmaTRKal8wcW1XT04zZGJxTkIydXZkR19VWDRlajNmNFdKRDVYU1B0TXdfZG1VRUdPLXVMZFBqVE55RHRVMnlXc2JvR2c?oc=5,,4686.0,0.0,0.5,neutral,0.0,unknown,nan
2025-11-12,プレステ5、実質値下げ―ソニー（時事通信） - Yahoo!ニュース,https://news.google.com/rss/articles/CBMif0FVX3lxTE02WmdtNnBXTUl4bFRWWkYwazFmSWpTYWhmb193SUlzZ2E2TWFGa253bkx6Z2tEaXNwV2NaNTFZNHc3VzhFQm94dmh6cEdIc1AwUW85TXMtWVBYcUcwQjJKN1p3bTJuU1BScjNsNmRuVmxGYzhrWDhRWTNndDNKTU0?oc=5,,4686.0,0.0,0.5,neutral,0.0,unknown,nan
2025-11-12,プレステ5、実質値下げ―ソニー＝日本語専用で5万5000円(時事通信) - Yahoo!ファイナンス,https://news.google.com/rss/articles/CBMihwFBVV95cUxQelFrNVc3NndTWHk3bXJRNHhTV3l6WUhRVnJNSE10bi1rbnNlUjVoSWxlS3BTanRqSFNqaUF4eGVRT21sT1pGSE10QkFUMUxiX2FKaG5LZzhVYlN5TFYySHFtMGdiSHlEbVUtRnVyc05VeG53dmJuXzZ4Ym9GSnFsYm03UG5jY00?oc=5,,4686.0,0.0,0.5,neutral,0.0,unknown,nan
2025-11-12,"バーンスタイン、ソニーの好調な決算を受け目標株価を5,100円に引き上げ 執筆 - Investing.com - FX | 株式市場 | ファイナンス | 金融ニュース",https://news.google.com/rss/articles/CBMidEFVX3lxTE9NbGhKZ3Z4SnY1X25ReVFMZGdOanZ2eHZtSG1UN3N1eTd3YlNMZ1RZdE5jYmN3enpsekFPd0cxUUxpRlpDZExfX2NwLWZxU0NTbWh5aUxqUmNOQzJKbEwyb1BLbDlTMjA4eTBnVVNhT0o2RE5o?oc=5,,4686.0,0.0,0.5,neutral,0.0,unknown,nan
2025-11-13,"バーンスタイン、ソニーの好調な決算を受け目標株価を5,100円に引き上げ - Investing.com - FX | 株式市場 | ファイナンス | 金融ニュース",https://news.google.com/rss/articles/CBMihAFBVV95cUxNcl9Bam9NaHhqN29HLURpVVlERklJMHI2c3otTU1IaXNpOF9EanZuakRVVThUM2hWWFhIWmg2T3c1aFdUUF9kQW5lTzlMcjhhSFB2eUNXaExoQVVzTXFUbERjYWprMWJ3dmJzTk1jRVB0bjBtUXFaaVhXbk1vbjlYYmFaRGU?oc=5,,4669.0,0.0,0.5,neutral,0.0,unknown,nan
2025-11-13,ソニー半導体開発トップが説く次世代イメージセンサーの進化。｢カメラを構える動作が不要になる｣ - 東洋経済オンライン,https://news.google.com/rss/articles/CBMiUkFVX3lxTE94NUJqMk0zQzVRQlNaYVRnX3NmZzVsUjZuMTR0VEREV0FWU1VCMEM4S0RaeUZ3QXBEaXJQY0NFSE9YMTdsVmY2S01ZaENqRUZwWVE?oc=5,,4669.0,0.0,0.5,neutral,0.0,unknown,nan
2025-11-13,ソニー デジタル一眼カメラα、純正レインカバー「LCR-EL」・「LCR-ES」を2025年12月に海外発売。サイズS・L、カラー ブラック・ホワイトをラインナップ。 - ソニーが基本的に好き。,https://news.google.com/rss/articles/CBMiTkFVX3lxTE5VbU1DYkdyOGQyQ1Z0d1o3bDhvdDV5RmxqcUdrRC1fWjV3LVZySkYxV2ZYLU5WVkZKcHJ5QTY5M21tUFRCZnpZWUE1R0lmdw?oc=5,,4669.0,0.0,0.5,neutral,0.0,unknown,nan
2025-11-13,ソニーα7 VはコンポジットRAW撮影モードを搭載している？ - とるなら,https://news.google.com/rss/articles/CBMihAFBVV95cUxPaWpvQS1HZmFfbktQS3o5MVdzOTFfamxDb1QxZ01tYloxNVlWTDVVRWdnLW5LZUtWTkV2ZXZqRGlWOHZsUy0wUnJ4bUZsNDNHWndHdWJ4ckdFM044cHl0eGNBNl80UXNjakVQbEJ6eFhkOE56YWFEcy1aSENTTXlZbDRzS0I?oc=5,,4669.0,0.0,0.5,neutral,0.0,unknown,nan
2025-11-13,日本株ADR12日、全面高 オリックスとソニーGの上げ目立つ - 日本経済新聞,https://news.google.com/rss/articles/CBMiqAFBVV95cUxOaVE2WldZSFpvUTZxWG9zc0tHbWUzMXUyQk5RMG9peGVmOEdfaXVVYjlYaVdaejhDTFJhU1hXaVUyVE1pSnY0bldCQy0tcVlaM0Q0SnctUGRQSnJ1Q2VLRmZmV2lZdWdKbVB2WWpXZHRfNWhpWFpqVVZUbkRwQWNjYjhCNk5TSVVFS3NjblhmWkc0RnFZYTRyY2otZlVSNGhnQUc5M2U2NkU?oc=5,,4669.0,0.0,0.5,neutral,0.0,unknown,nan
2025-11-13,ソニーグループは2025年度第2四半期も過去最高業績、イメージセンサーが絶好調（MONOist） - Yahoo!ニュース,https://news.google.com/rss/articles/CBMif0FVX3lxTE1pVzk1N1E2V0RIaG1tS1pyN185dDNRV1c3c29ENDRTUHBRZUNMbGhjWUJrWGRsOC1kaTdYeWE2eFg4eGhMZDRVVXNGLVFBZjZfLUd4RERVajBYNGg4T2VLZkxrMUFwTHFST2w1MmlUeTRBOHotTXhMUEZUSlp1ME0?oc=5,,4669.0,0.0,0.5,neutral,0.0,unknown,nan
2025-11-13,ソニー「BRAVIA 9」が2年連続液晶大賞！ミニLEDの画質は頭打ちなのか？～AV Watchアワード座談会・前編 - AV Watch,https://news.google.com/rss/articles/CBMicEFVX3lxTE5ISWRWbkVySVFWRkR3YUJrLUZGV0lVazFaSFJZOGlnZmo3MWZOcW8tUHFMc28zRG1xWE04dGVuTnlHTzdLaVdMY1pYMmNIQmxKejd2Y2ZvN1JFZFJTN2w4d0ltNWtfVDJqNWpyTm9zNFI?oc=5,,4669.0,0.0,0.5,neutral,0.0,unknown,nan
2025-11-13,ソニー・ピクチャーズが語るローカルIP戦略。「我々は世界中でローカルになる」【TIFFCOMレポ】 - Brand New Creativity,https://news.google.com/rss/articles/CBMiWEFVX3lxTE9hVklLNjlDSjVRaERQdnpzVnROcUpWVmNhRFpjV2hmVjVfQXFuVnlybjNWMjhBVkxQNURqR2Y2ajNEejNWYVJFYUpSMlFZRUxoQVNIekdUaV8?oc=5,,4669.0,0.0,0.5,neutral,0.0,unknown,nan
2025-11-13,ソニーが“香り”でつくる新感覚イベント「におい展PLUS+」東京スカイツリー®で開催決定！ - PR TIMES,https://news.google.com/rss/articles/CBMiakFVX3lxTE9OdS1YZnhuSnVPNTFJUU83eUZkS2ZGWGpTenREdEd6RmtBX1hQMWJxY1FlRmp0OUxHRERBZjlRMF83bk9RU2ctNjMyMl9rV1FWMU5RVGZIYVJ1UWhrOHJpTkJkQmMzR01tWEE?oc=5,,4669.0,0.0,0.5,neutral,0.0,unknown,nan
2025-11-13,ソニーグループ、25年4月～9月期の⾳楽分野は増収増益 通期見通しを上方修正 - 音楽業界総合情報サイト,https://news.google.com/rss/articles/CBMiVEFVX3lxTE1sd2NsV2F4aDFCeVdDTXVxczZxZ0h1anZVdGJsR2ZuQjhPa0hYVUtMZlRkdFYxeE5RZEdFRnA0TGptejNpeUtIVXhHM1RFU1lYc0xPNg?oc=5,,4669.0,0.0,0.5,neutral,0.0,unknown,nan
2025-11-13,ソニー デジタル一眼カメラα、超望遠αレンズ用ソフトキャリングケース「LCS-LTL」・「LCS-LTM」・「LCS-LTS」12月19日(金)発売。ソニーストアで11月19日(水)10時から予約開始。 - ソニーが基本的に好き。,https://news.google.com/rss/articles/CBMiU0FVX3lxTFBpVTktUGNKelJTMzV3SHV5dmtDWmJ2bEhqNVpHYmMxZWZWOXkwa2h4eVo3VXczUV94bXZZdEhFZ0VxMldfb1g1UmpqZndUbUZJVUxZ?oc=5,,4669.0,0.0,0.5,neutral,0.0,unknown,nan
2025-11-13,【株式】Link-Uグループ、買い殺到しストップ高に ソニーGが決算説明会で「クランチロールマンガ」に言及し思惑再燃 - gamebiz【ゲームビズ】,https://news.google.com/rss/articles/CBMiREFVX3lxTFBvb09YTUtLcUZvaHVnMm1CbHZLQ1hIM0MzVlB5elRXamUta2ctd2ZobHFLbGhXUTgwOXp3Y2pCSEZLTjgt?oc=5,,4669.0,0.0,0.5,neutral,0.0,unknown,nan
2025-11-13,"PlayStaion5 デジタル・エディション 日本語専用(CFI-2200B01)、ソニーストアで販売開始。55,000円(税込)、発売日の2025年11月21日頃お届け。 - ソニーが基本的に好き。",https://news.google.com/rss/articles/CBMiTkFVX3lxTFA1VUtjY3FuQUdnOXRGSjlSZDJDYWU5cFI1TzdtUVlGckxLY0xadkNUSUhUc3YxeWN6TFZMS1g0d3N0RWdCT3AzWWtSOW9pdw?oc=5,,4669.0,0.0,0.5,neutral,0.0,unknown,nan
2025-11-13,【株式】Link-Uグループ、買い殺到しストップ高に ソニーGが決算説明会で「クランチロールマンガ」に言及し思惑再燃(gamebiz) - Yahoo!ファイナンス,https://news.google.com/rss/articles/CBMihwFBVV95cUxQQkFsVlVfcG1BQmo0a215YVRZWXZUSWhHcWt5MUZvaHhzVGtmNjhsQXZXczNZN3JkT1FwTGJTeERNRlo2THpvbTF6eENMZExvMkRXbWgxNVFyTEJ6SkVjdGd2LTZ5SGp4OUNLdFZ6VzFSMXN4R25mbFZEZHZ5UGxtRG05Mmp4ZWM?oc=5,,4669.0,0.0,0.5,neutral,0.0,unknown,nan
2025-11-13,ソニー、α向けレインカバーと超望遠レンズ用ソフトキャリングケースを発表。過酷な屋外撮影をサポート - pronews.com,https://news.google.com/rss/articles/CBMiYEFVX3lxTE5GOHlscnBGTk5SRWtVS0xTazJmZG1GSEJ2RGpUZEI0Si1nNHRJRFE2MnlVblRvQVlwamprNVFhOE1DUC1DYUR1SzY2WEVXc29TOFJjWEZ2Rm52R3RkV3R2ag?oc=5,,4669.0,0.0,0.5,neutral,0.0,unknown,nan
2025-11-13,ソニー「α7V」と「α7IV」の背面の比較画像 - デジカメinfo,https://news.google.com/rss/articles/CBMiV0FVX3lxTE1zZ0lyM19ZbktvZmlIdGh3RnVxUTV6bHF3blZ3SExHNWRkRURtc1VlRlVtLXctUkhkcEhGVlVmUXJaUUJ2OU5LZTg3MmY5Mnh0VDdCeEZwSQ?oc=5,,4669.0,0.0,0.5,neutral,0.0,unknown,nan
2025-11-13,クレディセゾン、ソニー損保と「セゾンの自動車保険 by ソニー損保」を提供開始 - PR TIMES,https://news.google.com/rss/articles/CBMiakFVX3lxTFAta2J0NVd6SXJGYUJhcEdsR1VnOV92VDBsUmhIUVU5YlBmSXFnVzBadmh1dHQ1SXBaYTdqN25zcXljTlhPS1EwbFc0SElobER2RTA1d0szNEZpazd5Nm5lcWhUM3U4eXlacEE?oc=5,,4669.0,0.0,0.5,neutral,0.0,unknown,nan
2025-11-13,皇居にデジタル江戸城 ソニーG、タクシーツアー開始 - 日本経済新聞,https://news.google.com/rss/articles/CBMibEFVX3lxTE1leTlrRjVQa2VjNW94VWNRLVhsX0FCaENtOEdzd0FTa1U5QThLdGg5YXZGcVhWQ2NVa1NXd3EwU0JoaWhldzJrSC1rWTNBd3BxVGEtRk1yTjRBQm5uTnNZTkpjR3VfRTlFNUQzOA?oc=5,,4669.0,0.0,0.5,neutral,0.0,unknown,nan
2025-11-13,ソニーとATP Media、戦略的パートナーシップを締結 - 日本経済新聞,https://news.google.com/rss/articles/CBMibEFVX3lxTE9xZWRLcDJHQ1VJbUd0U0w0dVN2X2ZKOGNBa0Y0Y1FZTkhmVFJUVWtMY1JOZXlXRWRicFNDSWR3dkY1d1lSNHNXWmNOUHhtd1lGTV9rQl9Gei15eXdlc0JvNmhWVXJHN2xsbUFneg?oc=5,,4669.0,0.0,0.5,neutral,0.0,unknown,nan
2025-11-13,ソニー、5.5万円の「PS5」予約受付開始 11月21日発売へ - ASCII.jp,https://news.google.com/rss/articles/CBMiVEFVX3lxTE5UaDZxTF8tc1VYWFE3ZHJHb3BuZ0FjY2k1eWlha2pKVEQ3TnlmMlJvbVc0b19EeC1CV0VjQWVxVl92dWRRd2ZONHlKVG9kUUFhb0wxQg?oc=5,,4669.0,0.0,0.5,neutral,0.0,unknown,nan
2025-11-13,ソニー、テニス中継にAR導入 選手データをリアルタイム表示（Impress Watch） - Yahoo!ニュース,https://news.google.com/rss/articles/CBMif0FVX3lxTFBYLWxrV21fanNibjlEa3l2NjZCeHM5X1NqcG9iRXJ0eFl5WW5xQ3NxcHQ4VlVIamduX3JWaUxDUElvRHVsZVFTMlVsLWFjQUZOMUJ3RjFwNm90b3RQSl9VR2lxWS1TdWEtQnR0T3BPMDRrcFhrUFlUUzdmdWljWGc?oc=5,,4669.0,0.0,0.5,neutral,0.0,unknown,nan
2025-11-13,ソニー「PS5」発売5周年、累計販売台数8400万台突破 - ASCII.jp,https://news.google.com/rss/articles/CBMiVEFVX3lxTE1DSFMybXBEc1NMUHJkUmdkNEpFVDVXc2dIR2xRZzh0WlZJaW1vMl95ajFLSDVDWXhoY3c0NDJaOEZ1WVo5ak9ZLWpFbnc4Q1V4dlhoeA?oc=5,,4669.0,0.0,0.5,neutral,0.0,unknown,nan
2025-11-13,"【アナリスト評価】ソニーＧ、レーティングやや強気、目標株価5,200円（日系中堅証券）(アイフィス株予報) - Yahoo!ファイナンス",https://news.google.com/rss/articles/CBMihwFBVV95cUxPU3ZCeHlaZXhzVFJWOEN0SmpPa1pTbjUyNE5QdmpPMzlKcnJqYmhJZXFkcjl0VnR2dDAtV3pHR1N1VHl5V3ptcFlqdy1kVHlsdThmUnVCbFlpOHZReDVacEh5ZEpQQWhaYXc5REVZSlpTaTlhbkEyUHpjVVNKWHFMVWNOZDdCUDg?oc=5,,4669.0,0.0,0.5,neutral,0.0,unknown,nan
2025-11-13,ソニーα キャッシュバックキャンペーン対象製品早見表【2025冬】 - とるなら,https://news.google.com/rss/articles/CBMiWkFVX3lxTFBWcDZ0d1JHeWMzU2tMRHpjWlJxeWFUYmxzUVJXamMyc3VJdDJDeXU1Wnp3VVd6Zm4tV2k1d3ZUeWJnYjI0RHp3Q3hvVnBsWFJVWEZtU1Y3ZU1Jdw?oc=5,,4669.0,0.0,0.5,neutral,0.0,unknown,nan
2025-11-14,［動画］ソニーも進める「賞与の給与化」 一石二鳥のからくりとは？ - 日経ビジネス電子版,https://news.google.com/rss/articles/CBMiZ0FVX3lxTE42TjNyTGdraTdfRkxHbk11WnVnQkE1dUthTkhQT0ZPWUpuZ2RRZnhzRkFQN1U0bDBvUHVYd2l0Y3lIMFotWldKdDk0OVA0ZVludHIxVTZ3U0xCNG52SGV5cmJNRGNHU2c?oc=5,,4673.0,0.0,0.5,neutral,0.0,unknown,nan
2025-11-14,ソニーグループ（6758）の株価は▲0.4%の下落。配当利回りは0.48％（2025年11月13日・株式取引概況） - LIMO | くらしとお金の経済メディア,https://news.google.com/rss/articles/CBMiTEFVX3lxTFBWQXZWbWJrakJSUFFMd194VzFoRFptSjVRTFdOcHRGaDd0WnFsOHpQTWEyMThWQ3VfTEJXYUIxR0JqM1RZV2w5M0d4eEM?oc=5,,4673.0,0.0,0.5,neutral,0.0,unknown,nan
2025-11-14,ソニーα7 Vは12月2日に発表される？ - とるなら,https://news.google.com/rss/articles/CBMifEFVX3lxTE5EaWdVX0lMT21mQzJCbDYxZHp0bGN4czktM25ESk1vaHZ2ZXBLRmJKWHFiRTh6MDFRNEc1cXJFRWxNbEpFN1BWWmFuR05OZThhaDlnUVZBYjZsX2hpMEJuOEFydXdyLXk2eW1EYjZ2UGRhaU84UF9rTDBvZ1k?oc=5,,4673.0,0.0,0.5,neutral,0.0,unknown,nan
2025-11-14,ソニーグループ（6758）の株価は▲0.4%の下落。配当利回りは0.48％（2025年11月13日・株式取引概況） - LIMO | くらしとお金の経済メディア,https://news.google.com/rss/articles/CBMiVkFVX3lxTE1mUEVRNHR0Y0NqbU5ST2o0XzZ1R3ppekd3OVZpRUFSbkVVdjVBZG1odUtEODJ5YXVFSmpXOGZpQ2h1UjRUMzVwLU1KemVaSDN0M0Q5VDFn?oc=5,,4673.0,0.0,0.5,neutral,0.0,unknown,nan
2025-11-14,サウンドバーデビューはソニーのコレ。高音質で味わう臨場感は高コスパ - ROOMIE,https://news.google.com/rss/articles/CBMiT0FVX3lxTE5WdHFmOTlvaVByRS1NQ3p2WUxCTDB3VHRtSVk0YUotTVBOay1HOUdpRWhyRUVLeGctZGdmWlhZR3BRTEhIc1AwRG85NXZkdmc?oc=5,,4673.0,0.0,0.5,neutral,0.0,unknown,nan
2025-11-14,ソニー・ホンダモビリティ、ADAS向けAIの高速学習サイクルを強化 - レスポンス,https://news.google.com/rss/articles/CBMiX0FVX3lxTE5Vb1NSTEdOOHg1T3NlMTRyZHJhc3BhMWN0VnJzU2I3T0d6TUdLUkJHemVCOHRrdGpwSXNleTNxZHVJYWE3VV9jZUJGNWlfWTJXYndmY2l3UzBGbG5LTWRz?oc=5,,4673.0,0.0,0.5,neutral,0.0,unknown,nan
2025-11-14,ソニー、ホークアイの取得データを活用。野球の試合映像をサンリオキャラで再現（AV Watch） - ｄメニューニュース,https://news.google.com/rss/articles/CBMie0FVX3lxTE9Bcldvek9vZjExLUI3V0puQXBKZkduS1BJWW42Y0lialQ4RW9RdzZPQlJTOUtJNVROWjFRMkRZTWp6Q2p1cWIxNUFDVFI3N1BvNjllb205X0liRnAySTZLUlpRUk5OM1IxSU5scUQ4Nl91ZVBWUWtxM0FVcw?oc=5,,4673.0,0.0,0.5,neutral,0.0,unknown,nan
2025-11-14,ソニー、ホークアイの取得データを活用。野球の試合映像をサンリオキャラで再現 - AV Watch,https://news.google.com/rss/articles/CBMiZEFVX3lxTE5Sak5XOWszQnFkQ1UzZ3lMRWdVeXpwYkQ2dmJOR1U5TGxfSVN6WFF5clExcnB3cXhzSVhhTWlwNWF0WkptQUVaM2J5dEI1aHZsdzRzNlo4UUUzaGRfYjJ1eWxaODU?oc=5,,4673.0,0.0,0.5,neutral,0.0,unknown,nan
2025-11-14,「凛として時雨×Sony Store -Special Collaboration for Budokan-」が、全国のソニーストアで開催！2025年11月17日(月)～12月28日(日)。 - ソニーが基本的に好き。,https://news.google.com/rss/articles/CBMiV0FVX3lxTE5WSFg1YlBGQmpzSHhOSExpWk45S3RYSzJVV0UzQUE2eDg1OTVpaEtIZlRmY1Zfa3hvSnk4YVZWbEptZHNycXc1aXJOSWl5Vm9vaGpoMTRfOA?oc=5,,4673.0,0.78125,0.3,positive,0.0,unknown,nan
2025-11-14,ソニーストア デジタル一眼カメラαボディ・レンズ「分割払い60回まで金利手数料0%キャンペーン」2026年1月14日(水)午前10時まで開催。大型キャッシュバックも同時スタート。 - ソニーが基本的に好き。,https://news.google.com/rss/articles/CBMiVEFVX3lxTFBsY1FtaE5VU0h4anpJME5OSEZ6ZVNTTTZfUEJFc3c5TXhLUkJqLTlZM29sRzJ6akhlR3ZXNHhKUmwyWGlDeTBDUGtiSC1abVJPdy1jeA?oc=5,,4673.0,0.0,0.5,neutral,0.0,unknown,nan
2025-11-14,ソニーフィナンシャルグループ【8729】、上期経常は赤字転落で着地 | 決算速報 - 株探ニュース - かぶたん,https://news.google.com/rss/articles/CBMiU0FVX3lxTFBzQlJseUVGYTB1dUtlYWNYOGYweko4NEd2OGRVcG4xWE9QaHBhQ01meVpsSlNvMHBlZm1OdzJlclZuQUtuRnlTLTdBOEdxTFh6OWxZ?oc=5,,4673.0,0.0,0.5,neutral,0.0,unknown,nan
2025-11-14,ソニーＦＧ - 日本経済新聞,https://news.google.com/rss/articles/CBMiakFVX3lxTE96RHFqaVNlNENiLUg1a240ZXdRZjl1dXN0NW5kbkdaQWJUTW1NRU1xTTdsSU95cS1vcWZ4ZkI4bTBmUE4zdFB2UTJfRHpJX2hWS0VhU1lERkF2ZTZ5S2QybXlqZ2ZhOWFmWXc?oc=5,,4673.0,0.0,0.5,neutral,0.0,unknown,nan
2025-11-14,"【決算速報】ソニーＦＧ、中間経常-19,351百万。(アイフィス株予報) - Yahoo!ファイナンス",https://news.google.com/rss/articles/CBMihwFBVV95cUxQdHh2eS1ESUNrMkRyTG9BRDZqaUNTYTlWemMxRm1hTkRqbC1pNlEzbDZjN21wQTdfUkZkcWdZaFVMdTdWSUNBSzlEOTByMjFCSEQ2dUJORXNOWkM1aHBlMjBvRE5mbVJDaVdVZGdJRjREejNRbWxGQXQyY2dFQkgwbDhOOGxOVzg?oc=5,,4673.0,0.0,0.5,neutral,0.0,unknown,nan
2025-11-14,【決算速報】ソニーＦＧ、上期経常は赤字転落で着地(株探ニュース) - Yahoo!ファイナンス,https://news.google.com/rss/articles/CBMihwFBVV95cUxORGtxUk9Ec0pCam1JbldkdlVQbnF0bFNQbzVwc01ucmp4NlppX1hqR0xVN3BuSG9XMUl5WVYxYng1M0hXcmZNR0I2N1VFejdfLU0wQlRVa1c4aGpmSGJrOXhMMVlSNzlza1FEWXpXNHpUOHFyX3BnTGh2QkJaSjhpajAwWVM1S2s?oc=5,,4673.0,0.0,0.5,neutral,0.0,unknown,nan
2025-11-14,ソニーの嗅覚技術で楽しむ「におい展PLUS+」東京スカイツリーで開催 - いこーよニュース,https://news.google.com/rss/articles/CBMiUkFVX3lxTE9YU2pCUXNCTlVtemdtU09YVDd3ZlM3YWNZYWhvY2R1U2tqdjZ6MkgtQXZoWDN4ZWdLOEI4MTZ2a1JTdFB3V3BhWkpJMUdvNmtpVXc?oc=5,,4673.0,0.9375,0.4,positive,0.0,unknown,nan
2025-11-14,ソニー「α7V」の発表日は12月2日？ - デジカメinfo,https://news.google.com/rss/articles/CBMiV0FVX3lxTE1MVE5hTjEzU3pZSlBQNy1MSFJxQXRwV2Q4S2dYTDB2ZGdmd0RlQlBVaTVPbUgwQUJBdG1hRm00eWF2RXdsamgxNGlfZlZaZE8tNlF3dG1aSQ?oc=5,,4673.0,0.3125,0.3,positive,0.3,product,"The text discusses the rumored announcement date of a new Sony camera, the α7V. A new camera release could have a small impact on Sony's stock price."
2025-11-14,ソニーFG－4～9月期の連結経常損益は193億円の赤字に転落〔DZH 個別株情報〕(時事通信) - Yahoo!ファイナンス,https://news.google.com/rss/articles/CBMihwFBVV95cUxOMllRUTh3OXFYLVlYeXl5RnJybFM5NXd3X05nd056Wk1rZDhfTmw4elRHc3VvZ25uVFV3dHdNQkE5QVUySzZiZl93UXRBRFlkZ2xSVmxfNm84T01KYnEzRUZmVmhybW1RSHhCbFNEV0FKa3VRVDZmT0R2aWRoLU84eWtiaGdCbUU?oc=5,,4673.0,0.0,0.5,neutral,0.0,unknown,nan
2025-11-14,ソニー上期ゲーム事業、『Destiny 2』関連で減損損失計上するも3割の営業増益、アドオンの売上好調【ゲーム企業の決算を読む】 - GameBusiness.jp,https://news.google.com/rss/articles/CBMiaEFVX3lxTE1TVl9GVG4ybERfQ0hNZFcwZ3pVdXhRSTJsS2h2dXJHc25VdnRkbjZwLWpMNS1McWNoQjBJMjRTWXhWRVE5MDByT0M1dUpFTTl5WlJONUYteEkydWQ1eWFMclVKMXlEempD?oc=5,,4673.0,0.0,0.5,neutral,0.4,earnings,"The article discusses Sony's game business earnings and a significant impairment loss related to Destiny 2, impacting overall profitability. It mentions a 30% increase in operating profit and strong add-on sales, directly relevant to Sony's financial performance and potentially influencing investor sentiment."
